img,description
00000_00.jpg,"The dress is a white Levi's T-shirt with a red logo on the front and blue jeans with a button and a small tear at the waist."
00001_00.jpg,"The dress is a black t-shirt with a Levi's logo on the left chest and black leather pants with a belt."
00002_00.jpg,"The dress is a black long-sleeved top with a round neckline and fitted fit, paired with blue jeans."
00003_00.jpg,"The dress is a navy blue t-shirt with a pocket and black jeans."
00005_00.jpg,"The dress is a white Levi's T-shirt with a red logo on the front and blue and white striped pants."
00007_00.jpg,"The dress is a pastel purple Adidas Originals T-shirt with white stripes on the sleeves and collar, paired with matching Adidas Originals pants."
00009_00.jpg,The dress is a black cropped t-shirt with white stripes on the sleeves and an orange mini skirt with a front zipper and side pockets.
00010_00.jpg,The dress is a Calvin Klein Jeans black T-shirt paired with beige pants.
00011_00.jpg,The dress is a black Adidas t-shirt with a sheer skirt featuring white stripes on the sleeves and waistband.
00012_00.jpg,The dress is a black long-sleeved sweatshirt with colorful text on it and blue jeans.
00014_00.jpg,"""A stylish black dress featuring a pleated bodice, long sleeves, and a belt at the waist."""
00015_00.jpg,"The dress is a grey Adidas T-shirt with white stripes on the sleeves and collar, paired with blue Adidas track pants featuring red stripes."
00016_00.jpg,"The dress is a white blouse with black geometric patterns, paired with a maroon skirt."
00018_00.jpg,"The dress is a black blouse with a tie neckline and long sleeves, paired with brown pants."
00019_00.jpg,The dress is a black Calvin Klein Jeans T-shirt with a white logo and cream-colored pants.
00022_00.jpg,"""Leopard print long-sleeved top with black skirt."""
00023_00.jpg,"""Shimmering silver turtleneck with black leather pants."""
00024_00.jpg,"The dress is a colorful striped sleeveless top with a maroon base and blue, orange, green, and yellow stripes, paired with white pants."
00025_00.jpg,The dress is a silver metallic long-sleeved top paired with black high-waisted jeans.
00026_00.jpg,The dress is a navy blue one-piece swimsuit with blue stripes on the sleeves and an Adidas logo on the chest.
00028_00.jpg,"The dress is a white long-sleeved Guess T-shirt with a red triangle logo and the text ""Guess USA Jeans"" on it, paired with blue jeans."
00029_00.jpg,The dress is a black Levi's graphic tee paired with black denim shorts.
00030_00.jpg,The dress is a blue Adidas t-shirt with white stripes on the sleeves and white denim shorts.
00031_00.jpg,"The dress is a red Adidas long-sleeved top and matching pants, featuring three white stripes on each sleeve and a small white Adidas logo on the chest."
00032_00.jpg,"The dress is a mustard yellow button-down shirt featuring a pattern of greyhounds in various poses and colors, paired with blue jeans."
00033_00.jpg,The dress is a blue and red paisley patterned blouse with a black skirt.
00036_00.jpg,The dress is a black ribbed short-sleeved top with buttons down the front and a fitted waist.
00038_00.jpg,"The dress is a black Lee t-shirt with a small red logo on the left chest area, paired with blue jeans."
00040_00.jpg,"The dress is a Calvin Klein Jeans logo T-shirt in gray color, paired with white pants."
00041_00.jpg,The dress is a white Tommy Hilfiger T-shirt paired with a denim skirt featuring button details on the front.
00042_00.jpg,The dress is a floral print top with ruffled sleeves and white shorts.
00043_00.jpg,"The dress is a Calvin Klein Jeans logo T-shirt in pastel pink color, paired with high-waisted blue jeans."
00044_00.jpg,The dress is a purple Adidas T-shirt and matching track pants.
00045_00.jpg,The dress is a white t-shirt with a Pepsi logo and blue jeans.
00046_00.jpg,The dress is a black Tommy Hilfiger T-shirt paired with blue jeans.
00047_00.jpg,"The dress is a black, three-quarter sleeve blouse with a boat neckline and plaid pants."
00048_00.jpg,The dress is a white long-sleeved top paired with high-waisted blue jeans.
00049_00.jpg,"The dress is a black Champion T-shirt with white script and a red circle logo on the chest, paired with pink track pants featuring white stripes on the sides."
00050_00.jpg,"The dress is a long-sleeved, navy blue top with a round neckline and white pants."
00051_00.jpg,"The dress is a white blouse with a tie front and long sleeves, paired with beige pants."
00052_00.jpg,The dress is a white Calvin Klein Jeans T-shirt with a black logo and blue jeans.
00053_00.jpg,The dress is a navy blue Tommy Hilfiger T-shirt paired with dark blue jeans.
00054_00.jpg,The dress is a leopard print top with a red logo on the left chest and light blue jeans.
00056_00.jpg,A black Champion sweatshirt paired with blue jeans.
00058_00.jpg,"The dress is a long-sleeved, blue and white striped top with a boat neckline."
00059_00.jpg,The dress is a red tie-dye long-sleeved top paired with a green plaid skirt featuring a silver key embellishment on the front.
00061_00.jpg,"The dress is a white blouse with a bow tie at the collar and colorful stripes on the sleeves, paired with high-waisted blue jeans."
00062_00.jpg,"The dress is a black polo shirt with white buttons and a small white logo on the chest, paired with a white mini skirt."
00065_00.jpg,The dress is a black long-sleeved top with a tie front and high-waisted jeans.
00066_00.jpg,"The dress is a coral pink Adidas T-shirt with white trim and three red stripes on each sleeve, paired with bright red leggings."
00068_00.jpg,"The dress is a white long-sleeved top with gold buttons and a V-neckline, paired with dark blue jeans."
00070_00.jpg,The dress is a red Guess T-shirt with a white triangular logo on the chest and blue jeans.
00072_00.jpg,The dress is a maroon long-sleeved top with a cowl neck and black leggings underneath.
00073_00.jpg,The dress is a white Guess T-shirt with a small red triangle logo on the left chest and light blue jeans.
00076_00.jpg,"A mint green, grey, and white FILA logo T-shirt with white pants."
00077_00.jpg,The dress is a black spaghetti strap top with lace trim and layered necklaces.
00078_00.jpg,"The dress is a white T-shirt with ""DKNY"" printed in black letters across the chest."
00079_00.jpg,The dress is a blue button-up skirt with a fitted bodice and short sleeves featuring a pink leopard print pattern.
00080_00.jpg,"The dress is a long-sleeved, navy blue top with a crew neckline and a small logo on the left sleeve."
00082_00.jpg,The dress is a black long-sleeved turtleneck top paired with high-waisted dark blue jeans.
00083_00.jpg,The dress is a bright yellow Adidas T-shirt paired with white Adidas shorts.
00085_00.jpg,"The dress is a black long-sleeved top with a scoop neckline and a small logo on the left side of the chest, paired with black pants featuring red and white stripes on the sides."
00086_00.jpg,The dress is a white Adidas T-shirt with colorful floral patterns and black Adidas pants.
00087_00.jpg,The dress is a white Levis T-shirt with a colorful floral logo on the front and blue jeans.
00088_00.jpg,The dress is a white t-shirt with a small red logo on the left chest and blue jeans.
00089_00.jpg,The dress is a black short-sleeved t-shirt paired with rust-colored pants.
00090_00.jpg,"The dress is a blue, short-sleeved blouse with a front knot and black pants with buttons."
00091_00.jpg,The dress is a blue t-shirt with a small red logo on the left chest and light blue denim shorts with frayed edges at the bottom.
00092_00.jpg,"The dress is a white T-shirt with black stripes on the sleeves and collar, featuring a pattern of small dogs in various poses, paired with black wide-legged pants."
00093_00.jpg,"The dress is a black, sheer blouse with gold sequins and ruffled sleeves, paired with dark blue jeans."
00098_00.jpg,The dress is a Calvin Klein Jeans white t-shirt paired with checkered pants.
00099_00.jpg,"The dress is a white, short-sleeved, V-neck T-shirt with a relaxed fit and a pair of beige pants underneath."
00100_00.jpg,"The dress is a long-sleeved, navy blue blouse with a cut-out detail at the neckline and white pants."
00101_00.jpg,"""A black sleeveless dress with lace detailing and an emerald green satin skirt."""
00102_00.jpg,"The dress is a white Adidas T-shirt with black stripes on the sleeves and collar, paired with black Adidas pants featuring white stripes."
00103_00.jpg,The dress is a black long-sleeved top with leopard print shoulder details.
00104_00.jpg,The dress is a white Champion sweatshirt paired with a maroon skirt.
00105_00.jpg,"The dress is a black short-sleeved top with mesh inserts on the sleeves and a pocket on the left side, paired with blue jeans."
00106_00.jpg,"The dress is a black polo shirt with an embroidered bear and the word ""Polo"" on the left chest, paired with high-waisted black leather pants."
00107_00.jpg,The dress is a red Levi's T-shirt with a heart design and black leggings.
00109_00.jpg,"The dress is a pink, short-sleeved, ribbed polo shirt with ruffled collar and cuffs, paired with dark blue denim shorts."
00111_00.jpg,"The dress is a navy blue blouse with a subtle white floral pattern and 3/4 sleeves, paired with light blue jeans."
00113_00.jpg,The dress is a cream-colored t-shirt featuring a geometric and mystical design with a bird and moon motif.
00114_00.jpg,The dress is a black long-sleeved top with a zebra print pattern and high-waisted black jeans.
00115_00.jpg,"The dress is a sleeveless, white knit top with colorful tassel details on the neckline."
00117_00.jpg,The dress is a white long-sleeved crop top with a colorful checkered pattern and a black faux leather mini skirt with silver zippers on the side.
00118_00.jpg,The dress is a white V-neck T-shirt paired with blue jeans.
00119_00.jpg,"The dress is a white sleeveless top with lace trim on the neckline and shoulders, paired with dark jeans."
00120_00.jpg,"The dress is a white, short-sleeved t-shirt with a round neckline and black pants."
00122_00.jpg,The dress is a sequined top with thin straps and a pleated blue skirt.
00123_00.jpg,The dress is a black blouse with colorful polka dot patterns and maroon pants.
00124_00.jpg,"The dress is a white crop top featuring a panda holding bamboo and the text ""GO SLOW!"" along with a red leaf on the left side, paired with a leopard print skirt."
00125_00.jpg,"""Adidas Originals leopard print T-shirt with pink trim and black pants."""
00128_00.jpg,"""A woman wearing a white polo shirt and pink striped pants."""
00129_00.jpg,The dress is a red Calvin Klein T-shirt paired with white pants.
00130_00.jpg,The dress is a black and white leopard print skirt with lace sleeves.
00131_00.jpg,The dress is a teal lace top with long sleeves and a navy skirt.
00132_00.jpg,The dress is a mustard yellow short-sleeved top paired with navy blue pinstripe pants.
00133_00.jpg,The dress is a white top with yellow horizontal stripes and yellow high-waisted pants.
00134_00.jpg,The dress is a floral print top with green sleeves and black shorts.
00136_00.jpg,The dress is a gray Calvin Klein crop top paired with white shorts.
00137_00.jpg,"The dress is a sleeveless white blouse with a high collar and buttons down the front, paired with blue jeans."
00139_00.jpg,The dress is a white long-sleeved T-shirt with a silver EA7 logo on the front and blue jeans.
00140_00.jpg,"The dress is a white Levis t-shirt with black trim and a small red logo on the chest, paired with high-waisted blue jeans."
00143_00.jpg,The dress is a green t-shirt with a white triangle logo on the left chest and black jeans.
00144_00.jpg,"A white Champion hoodie with blue and red logo patches on the sleeves, paired with light blue jeans."
00146_00.jpg,"The dress is a black faux leather mini skirt with silver buttons down the front and a floral print long-sleeve top with black, white, and red flowers."
00147_00.jpg,"The dress is a black velvet top with long sleeves and a fitted waist, paired with a beige plaid skirt."
00148_00.jpg,"The dress is a light green Adidas T-shirt with white stripes on the sleeves and collar, paired with matching Adidas sweatpants."
00150_00.jpg,The dress is a navy blue polo shirt with a small white logo on the chest and blue jeans.
00153_00.jpg,"""A black t-shirt with 'Sad Boy' embroidered on the left chest."""
00154_00.jpg,"A black and neon yellow dress with a white square on the chest displaying ""SNO"" in grey letters, paired with black pants and a black belt with a silver buckle."
00155_00.jpg,"The dress is a floral print spaghetti strap top with black as the base color, paired with black high-waisted trousers."
00156_00.jpg,The dress is a black sleeveless top with a cut-out neckline and checkered pants.
00157_00.jpg,The dress is a black EA7 Emporio Armani T-shirt and matching leggings set.
00159_00.jpg,The dress is a grey long-sleeved top with a small red logo on the left chest and black jeans.
00161_00.jpg,"The dress is a loose-fitting olive green t-shirt with short sleeves and a mock neck, paired with beige pants featuring front pockets."
00162_00.jpg,The dress is a navy blue long-sleeved top paired with white jeans.
00163_00.jpg,The dress is a red Adidas T-shirt paired with blue Adidas track pants.
00164_00.jpg,"The dress is a pink Calvin Klein Jeans crop top paired with a white skirt featuring black ""CK"" logos."
00165_00.jpg,The dress is a black polo shirt with white buttons and a small logo on the left chest.
00166_00.jpg,"The dress is a cream-colored blouse with a black lace collar and long sleeves, paired with high-waisted dark jeans."
00167_00.jpg,The dress is a navy blue long-sleeved top paired with brown checkered pants.
00168_00.jpg,"The dress is a black Adidas T-shirt with white stripes on the sleeves and collar, paired with lavender track pants."
00169_00.jpg,The dress is a navy blue Polo Sport Ralph Lauren T-shirt paired with light blue jeans.
00170_00.jpg,The dress is a sleeveless navy blue shirt with white polka dots and denim shorts.
00171_00.jpg,"""A woman wearing a pink top and navy striped pants."""
00172_00.jpg,The dress is a black t-shirt with a white pocket on the left side and gray sweatpants.
00173_00.jpg,"The dress is a long-sleeved, black top with a crew neckline and fitted fit."
00174_00.jpg,The dress is a red Nike sweatshirt paired with plaid pants.
00175_00.jpg,The dress is a white short-sleeved top paired with a coral pleated skirt.
00179_00.jpg,The dress is a black sleeveless bodysuit with adjustable straps and olive green pants featuring a button at the waist.
00180_00.jpg,"The dress is a navy blue sleeveless top with red trim and a Tommy Sport logo on the chest, paired with bright red leggings."
00181_00.jpg,"The dress is a black, glossy mini skirt with a front zipper and a fitted silhouette."
00182_00.jpg,The dress is a brown sleeveless top paired with checkered pants.
00183_00.jpg,"The dress is a white, short-sleeved t-shirt."
00184_00.jpg,The dress is a two-piece outfit consisting of a black sequined crop top and a brown pleated skirt.
00185_00.jpg,The dress is a white t-shirt with black text and black jeans.
00186_00.jpg,Yellow t-shirt with a pocket and dark blue pants.
00187_00.jpg,The dress is a red ribbed long-sleeved top with lace details and black jeans.
00188_00.jpg,"The dress is a black blouse with colorful embroidery on the sleeves and neckline, paired with pink pants."
00189_00.jpg,The dress is a black long-sleeved top with a V-neckline and gray pants with a tie waist.
00192_00.jpg,"The dress is a white T-shirt featuring an image of Edvard Munch's ""The Scream"" and text stating ""this item is sold out."""
00193_00.jpg,"The dress is a black long-sleeved top with a boat neckline and fitted sleeves, paired with light blue jeans secured by a black belt."
00194_00.jpg,The dress is an olive green V-neck T-shirt paired with rust-colored corduroy pants.
00195_00.jpg,The dress is a navy blue long-sleeved top with lace trim at the neckline and red corduroy pants.
00196_00.jpg,"""A black long-sleeved top and a gray herringbone skirt."""
00197_00.jpg,The dress is a black V-neck T-shirt with an embroidered logo on the left chest and a denim apron with gray accents.
00199_00.jpg,"The dress is a white, short-sleeved top with a mock neck and black pants underneath."
00200_00.jpg,The dress is a white t-shirt featuring a gold circular logo with text and an image of a person's head.
00201_00.jpg,"The dress is a coral-colored t-shirt with a small green logo on the left chest area, paired with light blue jeans featuring a front slit and distressed details on the thighs."
00202_00.jpg,"""A black dress with a lace collar and long sleeves."""
00203_00.jpg,"The dress is a white T-shirt with ""I ❤️ P.o."" printed on it, paired with blue jeans."
00204_00.jpg,The dress is a black long-sleeved top with white polka dots on the sleeves and white high-waisted jeans.
00209_00.jpg,The dress is a red pol dot print short-sleeved blouse with a tie at the neck and white pants.
00210_00.jpg,"The dress is a black long-sleeved top with a deep V-neckline and a fitted waist, paired with houndstooth-patterned pants."
00211_00.jpg,The dress is a white long-sleeved top with lace details on the sleeves and black high-waisted jeans.
00212_00.jpg,"The dress is a black, short-sleeved top with a round neckline and loose-fitting black pants with a drawstring waist."
00213_00.jpg,The dress is a tan long-sleeved top paired with a checkered mini skirt.
00214_00.jpg,"The dress is a black t-shirt with colorful floral embroidery and the text ""LEVI'S STRAUS & Co."" in yellow and blue letters."
00215_00.jpg,The dress is a navy blue Hollister California T-shirt paired with white high-waisted jeans.
00216_00.jpg,The dress is a silver sequined top and a black sequined skirt.
00217_00.jpg,The dress is a white Tommy Hilfiger T-shirt paired with dark blue jeans.
00218_00.jpg,"The dress is a white, long-sleeved, fitted top."
00219_00.jpg,"The dress is a colorful, patterned top with a leopard print section and houndstooth checkered sections, paired with light pink high-waisted trousers."
00220_00.jpg,The dress is a teal lace top paired with black pants.
00221_00.jpg,"The dress is a pastel pink Adidas t-shirt with white and purple trim, paired with grey Adidas sweatpants."
00222_00.jpg,"The dress is a white Levi's T-shirt with a black and pink floral graphic on the front, paired with high-waisted blue jeans."
00224_00.jpg,"The dress is a white, long-sleeved top with a boat neckline and a fitted waistline."
00225_00.jpg,"The dress is a mustard yellow, long-sleeved, ribbed top with a front knot and high-waisted blue jeans."
00226_00.jpg,The dress is a black floral print blouse paired with white pants.
00227_00.jpg,"""A cropped, long-sleeved, light pink Tommy Jeans sweatshirt paired with high-waisted, light blue jeans."""
00229_00.jpg,The dress is a white long-sleeved top with a scoop neckline and light blue jeans.
00230_00.jpg,The dress is a mustard yellow t-shirt with a floral tattoo on the left arm and navy blue high-waisted pants.
00231_00.jpg,The dress is a black long-sleeved turtleneck top paired with high-waisted blue jeans.
00232_00.jpg,The dress is a navy blue Tommy Hilfiger T-shirt paired with light blue jeans.
00233_00.jpg,The dress is a black sleeveless top with an orange grid pattern on the front and orange leggings.
00234_00.jpg,"The dress is a long-sleeved, knee-length dress with colorful vertical stripes and a fitted silhouette."
00235_00.jpg,"The dress is a mustard yellow blouse with long sleeves and a V-neckline, paired with black leather shorts."
00236_00.jpg,"The dress is a long-sleeved, off-white top with a crew neck and a slightly flared hemline."
00238_00.jpg,The dress is a light purple tank top with a small Under Armour logo on the left side of the chest and gray shorts.
00239_00.jpg,The dress is a maroon turtle neck top paired with leopard print pants featuring button closures on the waist and side pockets.
00240_00.jpg,"""Lavender metallic long-sleeved top."""
00241_00.jpg,The dress is a white Under Armour tank top with a knot at the waist and maroon leggings.
00242_00.jpg,The dress is a white Versace Jeans Couture T-shirt paired with a white denim skirt adorned with gold buttons.
00243_00.jpg,"The dress is a black, long-sleeved top with mesh panels and light blue jeans."
00244_00.jpg,"The dress is a black, short-sleeved top with a V-neckline and cream-colored pants."
00245_00.jpg,"""The dress is a striped, square-neck, three-quarter sleeve top in brown and white colors."""
00246_00.jpg,The dress is an olive green long-sleeved crop top with a cutout design and black jeans.
00247_00.jpg,"The dress is a maroon-colored t-shirt with a small white logo on the left chest area, paired with off-white high-waisted jeans."
00248_00.jpg,"The dress is a black long-sleeved top with lace detailing on the shoulders and neckline, paired with gray jeans."
00250_00.jpg,The dress is a white T-shirt with a black circular logo on the chest and black leather shorts.
00251_00.jpg,The dress is a coral pink long-sleeved crop top with a Puma logo on the left chest and black cargo pants.
00252_00.jpg,"The dress is a long-sleeved, high-necked blouse with a blue and black polka dot pattern."
00253_00.jpg,"""The dress is a black knit dress adorned with pink and green floral patterns."""
00255_00.jpg,"The dress is a white, loose-fitting top with a scoop neckline and short sleeves, paired with black denim shorts featuring a drawstring waistband."
00256_00.jpg,The dress is a black velvet hal with a high neckline and a pair of loose blue jeans tied around the waist.
00257_00.jpg,The dress is a white T-shirt with a leopard print skirt.
00258_00.jpg,"The dress is a blue, short-sleeved, V-neck t-shirt with a slightly fitted fit."
00263_00.jpg,"The dress is a black plaid print top with thin straps and a flared skirt, worn over gray jeans."
00264_00.jpg,The dress is a black long-sleeved top paired with beige pants featuring a belt and pockets.
00266_00.jpg,The dress is a black and gold leopard print short-sleeved dress with a fitted waist and a pleated bodice.
00267_00.jpg,The dress is a black sleeveless top with a silver embellished collar and high-waisted blue jeans.
00269_00.jpg,"""A stylish blue blouse with orange polka dots and a bow tie neckline, paired with black pleated pants."""
00270_00.jpg,The dress is a white long-sleeved top with a boat neckline and a pair of blue jeans.
00271_00.jpg,The dress is a floral print Adidas crop top and leggings set.
00275_00.jpg,"The dress is a navy blue polo shirt with a gold embroidered horse logo on the left chest and a plaid skirt with black, green, and white colors."
00276_00.jpg,"The dress is a black long-sleeved top with gold buttons on the cuffs and a plaid skirt with green, blue, and red colors."
00279_00.jpg,The dress is a black long-sleeved top with a white band at the bottom and white pants.
00280_00.jpg,The dress is a white t-shirt with a small logo on the left side and blue denim shorts with a tie waistband.
00281_00.jpg,"The dress is a casual, light gray t-shirt with a knot at the waist and short sleeves."
00282_00.jpg,The dress is a one-shoulder white long-sleeved top paired with a light blue denim skirt.
00283_00.jpg,The dress is a black sequined spaghetti strap top with a fitted silhouette and a high neckline.
00284_00.jpg,"The dress is a white long-sleeved top with floral embroidery on the shoulders and sleeves, paired with beige pleated pants."
00285_00.jpg,The dress is a gray T-shirt with a silver sequined logo on the front and light gray jeans with distressed details at the bottom.
00288_00.jpg,"The dress is a white T-shirt featuring an abstract face design on the front, paired with beige drawstring pants."
00289_00.jpg,The dress is a black and pink plaid top with ruffled details and cream-colored pants.
00292_00.jpg,"The dress is a long-sleeved, gray Guess USA logo T-shirt paired with blue jeans."
00293_00.jpg,"The dress is a long-sleeved, form-fitting bodysuit with a snake and butterfly print."
00294_00.jpg,The dress is a beige and white striped long-sleeved top paired with a cream-colored denim skirt featuring a button at the waistline.
00296_00.jpg,The dress is a blue sleeveless top with a round neckline and maroon high-waisted trousers.
00298_00.jpg,The dress is a black crop top with silver buttons and white high-waisted pants with gold buttons.
00299_00.jpg,"The dress is a white, short-sleeved top with a boat neckline and rolled-up sleeves."
00300_00.jpg,"The dress is black and long-sleeved, with a V-neckline and a fitted silhouette."
00301_00.jpg,"The dress is a white floral print top with the word ""LOVE"" and images of animals and flowers, paired with high-waisted cream-colored pants."
00303_00.jpg,The dress is a light gray sleeveless top with gold sequin embellishments and black jeans.
00304_00.jpg,The dress is a black floral print long-sleeved top paired with high-waisted jeans.
00305_00.jpg,"The dress is a black, short-sleeved top with a mock neck and blue jeans."
00306_00.jpg,The dress is a long-sleeved olive green turtleneck top paired with dark blue pants.
00307_00.jpg,"The dress is a teal-green, long-sleeved top with a deep V-neckline and a satin skirt."
00308_00.jpg,"The dress is a black short-sleeved top with ruffled shoulders and a high neckline, paired with light blue jeans."
00309_00.jpg,The dress is a black Nike Air T-shirt and matching sweatpants.
00310_00.jpg,"The dress is a grey checkered top with a cowl neck and 3/4 sleeves, paired with black pants."
00313_00.jpg,The dress is a black off-the-shoulder top with lace trim and blue jeans.
00314_00.jpg,The dress is a black long-sleeved top paired with a leopard print skirt.
00315_00.jpg,"The dress is a navy blue t-shirt with a small white logo on the left chest area, paired with white pants."
00316_00.jpg,"The dress is a light blue, short-sleeved top with a round neckline and black pants."
00317_00.jpg,"""The dress is a teal and turquoise patterned top with a boat neckline and white pants."""
00318_00.jpg,"The dress is a black short-sleeved t-shirt with a small white logo on the left chest area, worn over gray athletic pants."
00319_00.jpg,"The dress is a white blouse with ruffled sleeves and a flared skirt, paired with beige pants."
00320_00.jpg,"The dress is a blue and black patterned top with ruffled sleeves and a round neckline, worn over jeans."
00321_00.jpg,"The dress is a colorful, patterned top with a mix of solid and dotted sections, paired with cream-colored pants."
00322_00.jpg,The dress is a black one-shoulder top paired with a floral skirt.
00323_00.jpg,"The dress is a long-sleeved, green and white striped shirt with black trim around the collar and cuffs, paired with blue jeans."
00324_00.jpg,"The dress is a white T-shirt with the word ""FILA"" written on it in blue and red letters."
00325_00.jpg,"""A woman wearing a long-sleeved, magenta-colored sweatshirt with white text on the left side of the chest and blue jeans with distressed patches."""
00327_00.jpg,"The dress is a long-sleeved, navy blue top paired with a light blue skirt featuring black leaf patterns."
00328_00.jpg,The North Face logo is printed on a black T-shirt.
00329_00.jpg,The dress is a white long-sleeved top paired with a brown suede skirt.
00331_00.jpg,The dress is a white T-shirt with tropical graphics and blue high-waisted pants with a belt.
00332_00.jpg,"The dress is a short-sleeved, orange and white striped t-shirt paired with light blue jeans."
00334_00.jpg,The dress is a black and yellow striped long-sleeved top paired with black jeans.
00335_00.jpg,The dress is a white crop top and shorts set with orange trim and MSGD Limited Essentials branding.
00336_00.jpg,"The dress is a black top with a silver sequined pattern on the front and back, featuring a V-neckline and short sleeves."
00337_00.jpg,The dress is a black crop top with a leopard print logo and matching leggings.
00338_00.jpg,The dress is a dark green t-shirt with a small logo on the left chest area and dark blue jeans.
00340_00.jpg,"The dress is a navy blue, short-sleeved, ribbed t-shirt."
00341_00.jpg,"The dress is a long-sleeved, multicolored striped top with a boat neckline and teal pants."
00342_00.jpg,"The dress is a green long-sleeved polo shirt with a collar and buttons, paired with olive-green cargo pants featuring a belt and side pockets."
00343_00.jpg,The dress is a light green t-shirt with a small logo on the left chest and light blue jeans with a front slit.
00344_00.jpg,"The dress is a rust-colored, three-quarter sleeve top with a boat neckline and fitted fit."
00346_00.jpg,"The dress is a black, short-sleeved, glittery mini dress with a high neckline and a fitted silhouette."
00347_00.jpg,"The dress is a navy blue T-shirt with colorful text and graphics, paired with blue jeans."
00350_00.jpg,"The dress is a long-sleeved, cream-colored henley shirt with a V-neckline and button closure at the chest."
00351_00.jpg,"""Striped long-sleeve top with lace details and blue jeans."""
00352_00.jpg,The dress is a black velvet square-neck long-sleeved top paired with a plaid skirt.
00354_00.jpg,"The dress is a brown, short-sleeved top with a round neckline and black pants."
00355_00.jpg,The dress is a black Nike long-sleeved top with a white Nike logo on the chest and red Nike sweatpants.
00356_00.jpg,"The dress is a red Nike tank top with a gold Nike swoosh and text on the front, paired with black leggings."
00357_00.jpg,The dress is a mustard yellow long-sleeved top with a turtle neck and white high-waisted pants.
00358_00.jpg,"The dress is a black floral print blouse with a V-neck and short sleeves, paired with blue jeans."
00359_00.jpg,"The dress is a light blue T-shirt with the word ""benetton"" written on it."
00360_00.jpg,The dress is a gray ribbed turtleneck sweater paired with cream-colored high-waisted pants.
00361_00.jpg,"""Maroon floral print Adidas t-shirt and leggings set."""
00362_00.jpg,"""A stylish black dress featuring a deep V-neckline, long sleeves, and a fitted skirt with a subtle patterned hem."""
00363_00.jpg,"The dress is a floral-patterned, long-sleeved top with a cowl neck and lace sleeves, worn over black jeans."
00364_00.jpg,The dress is a black lace top with short sleeves and a leopard print skirt with a zipper detail at the front.
00365_00.jpg,The dress is a light blue Puma T-shirt with black leggings featuring red and white stripes on the sides.
00366_00.jpg,The dress is a pink Levis T-shirt paired with black denim shorts.
00367_00.jpg,The dress is a pink Levis t-shirt with red trim and light blue denim shorts.
00368_00.jpg,"The dress is a navy blue long-sleeved top with silver buttons and Guess branding on the left side, paired with matching jeans."
00369_00.jpg,"The dress is a black skirt adorned with gold and silver chain patterns, featuring small diamond-like embellishments and the word ""PINKO"" embroidered at the bottom."
00370_00.jpg,"The dress is a blue and black floral print blouse with a high collar and long sleeves, paired with a white skirt."
00371_00.jpg,"""A black dress with white polka dots and a bow at the waist."""
00372_00.jpg,The dress is a black Puma logo T-shirt paired with white sweatpants.
00374_00.jpg,"The dress is a white t-shirt with a small pink logo on the left side of the chest, paired with blue jeans."
00375_00.jpg,The dress is a white tank top paired with a patterned skirt featuring blue and white geometric designs.
00377_00.jpg,The dress is a white t-shirt with a small embroidered design on the left side of the chest.
00378_00.jpg,"The dress is a white t-shirt with a lemon graphic and text, paired with black shorts and a white belt."
00379_00.jpg,The dress is a black and white striped t-shirt paired with a white skirt featuring a bow at the waist.
00380_00.jpg,"""Mint green t-shirt with star pattern and 'Superdry Premium Brand' text."""
00381_00.jpg,"""Gray ribbed sweater with a deep V-neck and long sleeves."""
00382_00.jpg,"The dress is a long-sleeved, leopard print top with black accents and white pants."
00383_00.jpg,The dress is a black short-sleeved top paired with a checkered skirt.
00384_00.jpg,The dress is a black blouse with pink polka dots and white pants with silver buttons.
00385_00.jpg,The dress is a black and white striped t-shirt with short sleeves and a round neckline.
00386_00.jpg,"The dress is a black top with lace details on the shoulders and sleeves, paired with dark blue jeans."
00387_00.jpg,"The dress is a black long-sleeved top with lace detailing at the collar and cuffs, paired with gray jeans."
00388_00.jpg,"The dress is a white t-shirt with a graphic of a sun and waves, along with the text ""BLUE VIB"" and stars."
00389_00.jpg,"The dress is a floral print blouse with a bow neckline and long sleeves, paired with high-waisted jeans."
00390_00.jpg,"The dress is a white, short-sleeved t-shirt with a round neckline and a slightly flared bottom hem."
00391_00.jpg,"The dress is a white T-shirt with black and red lettering, featuring leopard print and floral designs, paired with black high-waisted trousers adorned with gold buttons."
00392_00.jpg,"The dress is a teal green long-sleeved blouse with a mock neck and cuffs details, paired with rust-colored pants."
00393_00.jpg,The dress is a black and white striped V-neck T-shirt paired with light blue jeans.
00394_00.jpg,"The dress is a white t-shirt with small embroidered designs on the front and back, paired with blue jeans."
00398_00.jpg,The dress is a brown ribbed long-sleeved top paired with black jeans featuring distressed knees.
00399_00.jpg,"The dress is a black T-shirt featuring a white graphic of Karl Lagerfeld and his cat Choupette, paired with black high-waisted jeans."
00402_00.jpg,The dress is a black lace top with long sleeves and olive green wide-legged pants.
00403_00.jpg,The dress is a coral pink short-sleeved blouse with a bow detail at the neckline and black pants underneath.
00404_00.jpg,"""Lavender polo shirt with white pants and brown belt."""
00405_00.jpg,"The dress is a white crop top with black and blue accents, featuring an Umbro logo and long sleeves with black and white stripes."
00406_00.jpg,The dress is a gray Tommy Hilfiger T-shirt paired with blue jeans.
00407_00.jpg,"The dress is a grey T-shirt with a green dinosaur embroidered on the left chest pocket, paired with white pants and a black belt."
00408_00.jpg,The dress is a red sweater with cut-out arm details and plaid pants.
00409_00.jpg,"The dress is a long-sleeved, orange-red top with a V-neckline and a fitted silhouette."
00410_00.jpg,"The dress is a black and white zigzag patterned top with long sleeves and a high neck, paired with tan high-waisted pants."
00411_00.jpg,"The dress is a coral-colored Polo T-shirt with blue text and light blue trim on the collar, paired with blue jeans and a black belt."
00412_00.jpg,The dress is a silver sequined hal top with purple accents and black pants.
00413_00.jpg,The dress is a white pol dot camisole top with thin straps and a V-neckline.
00414_00.jpg,"The dress is a sleeveless, white top with a gathered neckline and a fitted silhouette."
00415_00.jpg,The dress is a black long-sleeved top with a FILA logo and white pants.
00416_00.jpg,"The dress is a long-sleeved, navy blue top with a crew neckline and a pair of matching navy blue pants with vertical stripes."
00417_00.jpg,The dress is an olive green short-sleeved top paired with black plaid pants.
00418_00.jpg,"The dress is a black, buttoned blouse with a V-neckline and three-quarter sleeves, paired with black pants."
00419_00.jpg,"The dress is a black t-shirt with colorful floral embroidery on the front and the text ""LEVI STRAUSS & Co."" in yellow."
00420_00.jpg,"The dress is a navy blue, short-sleeved, mock-neck top paired with black pinstripe pants."
00421_00.jpg,The dress is a blue V-neck T-shirt paired with white pinstripe pants.
00423_00.jpg,"The dress is a black and white tie-dye patterned top with ruffled sleeves and a front knot, paired with white jeans."
00424_00.jpg,The dress is a white sleeveless top with a scoop neckline and a black wristwatch on her left wrist.
00425_00.jpg,The dress is a black and red long-sleeved top with white stripes on the sleeves and black pants with silver zippers.
00426_00.jpg,The dress is a navy blue Tommy Hilfiger V-neck T-shirt paired with light blue jeans.
00427_00.jpg,"The dress is a black long-sleeved top with lace details at the neckline and bottom hem, paired with matching pants."
00429_00.jpg,"The dress is a black long-sleeved top with a small red logo on the left chest area, paired with orange corduroy pants."
00431_00.jpg,"The dress is a light pink blouse with lace detailing on the collar and short sleeves, paired with blue jeans."
00432_00.jpg,"""A black long-sleeved top with yellow floral patterns and brown pants."""
00433_00.jpg,"The dress is a white T-shirt with a floral design and text on it, paired with blue jeans."
00434_00.jpg,"The dress is a black T-shirt featuring a wolf graphic on the front, paired with light blue jeans."
00435_00.jpg,The dress is a black Polo Ralph Lauren T-shirt paired with red sweatpants featuring the Polo Ralph Lauren logo.
00436_00.jpg,"The dress is a black, long-sleeved, sequined turtleneck top paired with black leather pants."
00437_00.jpg,"The dress is a white cropped t-shirt with a FILA logo in red,, blue, and black colors, paired with bright red pants featuring button fly closure."
00438_00.jpg,"""A sleeveless blouse with a high neck and red polka dots, paired with light pink trousers."""
00439_00.jpg,The dress is a yellow ribbed short-sleeved top paired with high-waisted blue jeans.
00441_00.jpg,"The dress is a long-sleeved, black, textured knit top with a round neckline and black leather pants."
00442_00.jpg,The dress is a black blouse with lace trim and a blue patterned pencil skirt.
00443_00.jpg,"The dress is a sleeveless top with a leopard print pattern in black and yellow colors, paired with black denim jeans."
00444_00.jpg,"The dress is a black, short-sleeved top with a fitted bodice and a slightly flared skirt."
00445_00.jpg,"The dress is a red and black sheer top with a geometric pattern, paired with matching pants featuring blue lightning designs."
00446_00.jpg,"The dress is a white T-shirt with ""MAMACITA"" and a green and brown striped design on the front, paired with leopard print pants."
00447_00.jpg,"""A black dress with a deep V-neckline, long sleeves, and a satin skirt."""
00449_00.jpg,The dress is a black Levi's T-shirt with a red logo on the chest.
00450_00.jpg,The dress is a black and white leopard print sleeveless top paired with red leather pants featuring a front bow tie.
00451_00.jpg,The dress is a maroon satin spaghetti top paired with a black glitter skirt featuring a silver zipper detail on one side.
00452_00.jpg,"The dress is a long-sleeved, light gray top with a V-neckline and a draped front, paired with dark gray pants."
00453_00.jpg,"The dress is a sleeveless, light pink tank top with the word ""EMPOWER"" embroidered in coral on the front."
00454_00.jpg,The dress is a white t-shirt with a crocodile logo and red sweatpants.
00455_00.jpg,"The dress is a red, long-sleeved top with a leopard print pattern and black flared pants."
00456_00.jpg,"The dress is a white T-shirt with colorful text reading ""love equals love"" and blue jeans with button fly."
00457_00.jpg,"""The dress is a black, long-sleeved top with a high neckline and intricate black embroidery, paired with a fitted black skirt."""
00459_00.jpg,"The dress is a pastel pink T-shirt featuring a black and white mountain landscape print and the words ""NATURE"" and ""NATURE"" in black text."
00461_00.jpg,The dress is a purple Nike sports bra with neon green accents and white pants.
00464_00.jpg,"The dress is a black sleeveless top adorned with silver sequins, paired with black leather pants."
00465_00.jpg,The dress is a black long-sleeved top paired with a blue denim skirt featuring button details on the front.
00467_00.jpg,The dress is a floral print top with black pants featuring a tie waist.
00469_00.jpg,The dress is a black blouse with colorful floral embroidery and white pants.
00471_00.jpg,"The dress is a mustard yellow long-sleeved top with a white leaf pattern, paired with dark gray jeans."
00472_00.jpg,The dress is a white sleeveless top and blue jeans.
00473_00.jpg,"The dress is a sleeveless, sequined top with a high neckline and black pants."
00476_00.jpg,The dress is a black ribbed tank top with silver buttons and a green mini skirt.
00477_00.jpg,The dress is a black lace top with sheer sleeves and light blue jeans.
00478_00.jpg,"The dress is a white T-shirt with yellow stitching on the collar and hemline, paired with light blue jeans."
00479_00.jpg,The dress is a black sleeveless top paired with white high-waisted trousers.
00480_00.jpg,"The dress is a sleeveless, white blouse with small pol dots and a V-neckline."
00481_00.jpg,"""Black and white striped long-sleeved top."""
00483_00.jpg,"The dress is a vibrant orange sleeveless top with a draped neckline and a fitted silhouette, paired with high-waisted pastel pink pants."
00485_00.jpg,The dress is a black patterned crop top paired with white cargo pants.
00486_00.jpg,"The dress is a navy blue, short-sleeved t-shirt with a round neckline and a relaxed fit."
00488_00.jpg,The dress is a navy blue long-sleeved top with a side slit and fitted at the waist.
00489_00.jpg,The dress is a black and green camouflage print t-shirt paired with a mustard yellow faux leather mini skirt.
00490_00.jpg,"The dress is a black sleeveless top with a gathered neckline and fitted sleeves, paired with light blue jeans."
00491_00.jpg,The dress is a leopard print short-sleeved top worn over blue jeans.
00492_00.jpg,"The dress is a sleeveless, pink ribbed top with lace detailing at the neckline and shoulders."
00493_00.jpg,The dress is a navy blue top with a patterned design and pleated navy blue skirt.
00495_00.jpg,"""A black ribbed knit top paired with a black skirt."""
00497_00.jpg,"The dress is a black long-sleeved top with a square neckline and fitted fit, paired with gray plaid pants."
00498_00.jpg,"The dress is a white t-shirt with an embroidered Eiffel Tower and heart design on the left chest, paired with black plaid pants."
00500_00.jpg,"The dress is a yellow long-sleeved blouse with colorful abstract patterns, paired with black high-waisted jeans."
00501_00.jpg,"The dress is a light blue, short-sleeved top with a round neckline and a slightly flared hemline."
00505_00.jpg,The dress is a yellow Polo Sport Ralph Lauren T-shirt paired with black track pants featuring yellow stripes on the sides.
00506_00.jpg,"The dress is a long-sleeved, mustard-colored top paired with a black pencil skirt."
00507_00.jpg,"The dress is a black oversized T-shirt featuring a graphic of a microphone and text that reads ""PRIVATE EVENT LONDON 7:50 PM | MCH 9 | 8:00 PM."""
00508_00.jpg,"The dress is a green blouse with a blue and white floral pattern, paired with white pants."
00510_00.jpg,The dress is a black long-sleeved top paired with a denim skirt.
00511_00.jpg,The dress is a black long-sleeved top with a round neckline and a small white logo on the left side of the chest.
00512_00.jpg,The dress is a black and green plaid long-sleeved top paired with blue jeans.
00513_00.jpg,The dress is a white t-shirt with a gold glittery rectangular logo on the chest and black jeans.
00514_00.jpg,"The dress is a long-sleeved, black and white Vans logo shirt paired with light blue jeans."
00515_00.jpg,"The dress is a black T-shirt with colorful tropical leaf patterns and a white text ""Endless summer"" on the left side of the chest."
00517_00.jpg,"The dress is a black, sleeveless top with a textured pattern and high-waisted black jeans."
00519_00.jpg,The dress is a black sleeveless top with a V-neckline and tan high-waisted pants with a tie at the waist.
00522_00.jpg,"The dress is a black blouse with ruched details and long sleeves, paired with high-waisted black jeans."
00523_00.jpg,The dress is a navy blue long-sleeved top with a square neckline and pink jeans.
00524_00.jpg,The dress is a white Calvin Klein T-shirt with colorful text and black pants with red stripes on the sides.
00526_00.jpg,The dress is a black sleeveless top with lace trim and a fitted gray skirt with pockets.
00527_00.jpg,The dress is a white polo shirt with short sleeves and three buttons on the chest.
00528_00.jpg,"The dress is a mustard yellow long-sleeved top with a snake print pattern and a black Nike logo on the chest, paired with white pants."
00529_00.jpg,"The dress is a bright yellow T-shirt with a rainbow triangle logo and white stripes on the sleeves, paired with matching shorts."
00530_00.jpg,"A white long-sleeved T-shirt with a red Calvin Klein logo on the chest, paired with a blue denim skirt."
00531_00.jpg,The North Face white t-shirt with black logo and black jeans.
00532_00.jpg,The dress is a light gray tank top with blue trim and black pants.
00533_00.jpg,"The dress is a white T-shirt with a gingerbread man embroidered on the left chest pocket, paired with white pants."
00534_00.jpg,The dress is a white sleeveless top with eyelet details and distressed jeans.
00535_00.jpg,The dress is a white long-sleeved turtleneck top with a small logo on the left chest and white high-waisted jeans.
00537_00.jpg,The dress is a sleeveless navy blue henley top with buttons down the front and blue jeans.
00538_00.jpg,"""A black lace long-sleeved top paired with olive green pants."""
00539_00.jpg,The dress is a teal long-sleeved top with a small logo on the left chest and mustard yellow high-waisted jeans.
00540_00.jpg,"The dress is a red Christmas-themed T-shirt featuring a reindeer design with snowflakes and ornaments, paired with light blue jeans."
00541_00.jpg,"The dress is a long-sleeved, white top with a light blue panel on the front and black pants."
00542_00.jpg,The dress is a black long-sleeved top with a Levi's logo and a brown faux leather mini skirt.
00543_00.jpg,The dress is a black long-sleeved top with a square neckline and an orange skirt with a bow at the waist.
00544_00.jpg,"The dress is a navy blue Lacoste t-shirt with a V-neck and short sleeves, paired with blue jeans."
00545_00.jpg,"""A woman wearing a long-sleeved, off-the-shoulder sweater in light gray and a navy blue skirt."""
00546_00.jpg,The dress is a black long-sleeved top with a V-neckline and fitted sleeves.
00547_00.jpg,The dress is a black spaghetti top paired with colorful tropical print pants.
00548_00.jpg,The dress is a black sleeveless top with a front slit and mustard-colored high-waisted pants.
00549_00.jpg,The dress is a green long-sleeved top paired with beige pants.
00550_00.jpg,The dress is a white sleeveless top with lace trim and navy blue pants with a brown belt.
00551_00.jpg,"The dress is a black sleeveless top with lace details on the shoulders and a high collar, paired with high-waisted gray jeans."
00552_00.jpg,"The dress is a white, short-sleeved t-shirt with a subtle ribbed texture and a crew neckline."
00553_00.jpg,The dress is a white t-shirt with a black graphic design on the front and cream-colored pants.
00554_00.jpg,The dress is a white long-sleeved top with a boat neckline and button details on the cuffs.
00555_00.jpg,The dress is a black sleeveless top with silver buttons and an orange skirt with a slit.
00556_00.jpg,"The dress is a black, short-sleeved t-shirt with a round neckline and a fitted fit."
00557_00.jpg,"The dress is a white, sleeveless top with lace details and black jeans."
00558_00.jpg,The dress is a teal blue long-sleeved top paired with white pants and a belt.
00559_00.jpg,"The dress is a black long-sleeved top with sheer mesh sleeves and a black turtleneck, paired with high-waisted blue jeans."
00560_00.jpg,"The dress is a floral-patterned, long-sleeved top with a high neckline and black pants."
00561_00.jpg,"The dress is a long-sleeved, grey Superdry top with a colorful logo and a black skirt."
00562_00.jpg,"The dress is a blue long-sleeved t-shirt with a small red logo on the left chest area, paired with light blue jeans."
00564_00.jpg,The dress is a black hal-neck hal-one-shoulder top paired with olive-green cargo pants featuring silver ring details on the waistband and pockets.
00565_00.jpg,"The dress is a short-sleeved, ribbed, rust-colored top with a V-neckline and a keyhole front, paired with high-waisted white jeans."
00567_00.jpg,"""A black sleeveless top with a red floral skirt."""
00569_00.jpg,"The dress is a sleeveless, dark blue top with a scoop neckline and black pants."
00570_00.jpg,"The dress is a loose-fitting black top with short sleeves and a boat neckline, paired with light blue jeans."
00571_00.jpg,The dress is a maroon long-sleeved top with button details on the cuffs and a boat neckline.
00572_00.jpg,The dress is a green tank top with yellow trim and black leggings.
00573_00.jpg,The dress is a white T-shirt with a small embroidered design on the left side and high-waisted blue jeans.
00574_00.jpg,"""The dress is a black and white pleated dress with a V-neckline."""
00575_00.jpg,"""The dress is a deep red color with a pol collar and long sleeves featuring sheer mesh with red pol dots."""
00576_00.jpg,"The dress is a long-sleeved, navy blue blouse with a subtle white polka dot pattern and a V-neckline, paired with white pants."
00577_00.jpg,"The dress is a sleeveless, ribbed, beige top with a black belt and dark blue jeans."
00578_00.jpg,The dress is a mustard yellow sleeveless top with a V-neckline and high-waisted brown plaid pants.
00580_00.jpg,"The dress is a white t-shirt with an embroidered pretzel design and text on the left side, paired with mustard yellow shorts."
00581_00.jpg,The dress is a white sleeveless crop top paired with black leggings featuring mesh panels.
00582_00.jpg,The dress is a teal-colored jumpsuit with a leopard print pattern and sheer sleeves.
00584_00.jpg,"The dress is a black short-sleeved top with ruffled sleeves and a keyhole neckline, paired with light blue jeans."
00585_00.jpg,"The dress is a pastel pink, long-sleeved, ribbed sweater with a mock neck and cropped fit."
00586_00.jpg,"The dress is a white, ruffled, short-sleeved blouse with a boat neckline and black pants."
00587_00.jpg,The dress is a white T-shirt with a graphic of a globe and text in pink and black.
00588_00.jpg,The dress is a white T-shirt with a graphic of a globe and text in pink and black.
00589_00.jpg,"The dress is a black floral print top with ruffled sleeves and a V-neckline, paired with light blue jeans."
00590_00.jpg,The dress is a bright red long-sleeved turtleneck top paired with light blue jeans.
00591_00.jpg,"The dress is a dark gray t-shirt with a floral design and text on the front, paired with white shorts."
00593_00.jpg,The dress is black with white stitching and features front pockets.
00594_00.jpg,"""The dress is a long, blue patterned garment with a fitted bodice and flowing skirt."""
00595_00.jpg,The dress is a vibrant pink long-sleeved top with black buttons and light pink pants.
00596_00.jpg,The dress is a mustard yellow ribbed knit top with white trim and white high-waisted jeans.
00597_00.jpg,"The dress is a long-sleeved navy blue polo shirt with a small red, white, and blue flag logo on the left chest area."
00598_00.jpg,The dress is a black T-shirt paired with brown and black striped pants.
00601_00.jpg,"""Dark blue velvet blouse with gathered neckline and long sleeves."""
00602_00.jpg,The dress is a tan-colored long-sleeved turtleneck top paired with white pants.
00603_00.jpg,"The dress is a grey, short-sleeved top with a round neckline and black, shiny pants with drawstrings at the waist."
00604_00.jpg,The dress is a black turtleneck top paired with brown pleated pants.
00605_00.jpg,"The dress is a sleeveless, white knit top with a patterned skirt featuring a floral design in green and white."
00606_00.jpg,The dress is a black ribbed long-sleeved top with lace details and plaid pants.
00607_00.jpg,"The dress is a long-sleeved, olive-green turtleneck top with blue jeans."
00608_00.jpg,The dress is a black sleeveless top and matching shorts from Under Armour.
00610_00.jpg,The dress is a yellow sleeveless top with a layered design and beige shorts.
00612_00.jpg,"""A sleeveless blouse with a light blue base and red polka dots, featuring a round neckline and a fitted waist."""
00613_00.jpg,"The dress is a long-sleeved, orange-brown top with a boat neckline and three-quarter sleeves."
00614_00.jpg,The dress is a black sleeveless top paired with white high-waisted trousers.
00616_00.jpg,"The dress is a black, long-sleeved blouse with a V-neckline and lace details on the shoulders."
00618_00.jpg,The dress is a black long-sleeved top with a V-neckline and a turquoise beaded necklace.
00619_00.jpg,"The dress is a white, short-sleeved top with a mesh pattern and a tie-waist design, paired with matching pants."
00621_00.jpg,The dress is a white long-sleeved top paired with blue jeans.
00622_00.jpg,"The dress is a vibrant orange color with a V-neckline and short sleeves, paired with beige pants."
00623_00.jpg,"The dress is a black, short-sleeved, ribbed crop top with a silver zipper at the front and high-waisted blue jeans."
00625_00.jpg,"The dress is a light gray, short-sleeved top with lace trim on the sleeves and bottom hem."
00626_00.jpg,"The dress is a navy blue, long-sleeved blouse with a high neckline and a tie at the front, paired with black pants."
00628_00.jpg,"""Silver sequined tank top with distressed blue jeans."""
00629_00.jpg,"The dress is a color-blocked t-shirt with teal, white, and black sections, paired with light blue jeans."
00630_00.jpg,The dress is a white T-shirt with a pink lighthouse graphic and blue jeans.
00631_00.jpg,"""A black dress adorned with white polka dots, featuring long sleeves and a fitted waist."""
00632_00.jpg,"The dress is a black long-sleeved top with lace sleeves and a front knot, paired with light blue jeans."
00634_00.jpg,The dress is a black long-sleeved t-shirt with a FILA logo on the front.
00635_00.jpg,"The dress is a sleeveless, green V-neck top made of cotton."
00636_00.jpg,The dress is a white Adidas T-shirt with colorful diagonal stripes and black jeans.
00637_00.jpg,The dress is a black Nike crop top and black Nike sweatpants with gold accents.
00638_00.jpg,"The dress is a black Garfield-themed T-shirt with the word ""CATTITUDE"" and Garfield's face embroidered on it, paired with high-waisted black jeans."
00639_00.jpg,The dress is a burnt orange ribbed turtleneck top paired with black velvet pants.
00640_00.jpg,The dress is a floral print long-sleeved jumpsuit with a mock neck and fitted fit.
00642_00.jpg,The dress is a dark green ribbed turtleneck sweater paired with high-waisted black jeans.
00643_00.jpg,The dress is a tan long-sleeved top with gold buttons and silver cargo pants with a belt and pockets.
00646_00.jpg,The dress is a black ribbed long-sleeved top with a choker and yellow high-waisted pants.
00649_00.jpg,"The dress is a white long-sleeved top with ""OBEY"" printed on it and black and white checkered pants."
00650_00.jpg,"The dress is a sleeveless, lime green and white plaid top with a flared hemline."
00651_00.jpg,"The dress is a black, short-sleeved t-shirt with a round neckline and a crew neck."
00652_00.jpg,The dress is a white long-sleeved top with a V-neckline and blue jeans.
00653_00.jpg,The North Face logo is printed on a red T-shirt.
00656_00.jpg,The dress is a white Lee brand T-shirt paired with blue jeans.
00657_00.jpg,The dress is a black long-sleeved top with a cut-out design at the neckline and light blue jeans.
00660_00.jpg,"The dress is a long-sleeved, black, glittery top with a scalloped neckline and ruched sides."
00661_00.jpg,"The dress is a black, long-sleeved, square-neck top paired with a blue denim skirt featuring button details on the front."
00662_00.jpg,The dress is a black long-sleeved top with a plunging neckline and high-waisted blue jeans.
00663_00.jpg,"The dress is a pink T-shirt featuring an illustration of Karl Lagerfeld as a playing card, paired with black pants."
00665_00.jpg,"The dress is a black long-sleeved top with an asymmetrical hemline and a fitted silhouette, paired with a black skirt."
00666_00.jpg,The dress is a white Vans T-shirt paired with yellow striped pants.
00667_00.jpg,"The dress is a sleeveless white blouse with eyelet detailing and gold buttons, paired with olive green pants."
00668_00.jpg,"The dress is a strapless, blue velvet top paired with black pleated pants."
00669_00.jpg,The dress is a navy blue t-shirt and dark blue jeans.
00670_00.jpg,"The dress is a black T-shirt paired with a floral-patterned skirt in red, and white colors."
00671_00.jpg,The dress is a black velvet long-sleeved top with a cut-out design and black leather pants.
00673_00.jpg,The dress is a black floral print top paired with high-waisted blue jeans.
00674_00.jpg,"The dress is a navy blue long-sleeved top with a boat neckline and fitted fit, paired with high-waisted blue jeans."
00675_00.jpg,The dress is a maroon polo shirt with a small red logo on the left chest and maroon pants.
00676_00.jpg,"""A black sleeveless top with a tie front and light blue jeans."""
00677_00.jpg,"The dress is a black t-shirt with ""OBEY"" written on the back in white letters."
00678_00.jpg,The dress is a black turtleneck long-sleeved top paired with light blue jeans.
00679_00.jpg,"The dress is a lime green tube top and matching high-waisted pants, accessorized with a silver chain necklace."
00680_00.jpg,"The dress is a pastel pink, long-sleeved top with a V-neckline and a knot detail at the front."
00681_00.jpg,"The dress is a yellow sleeveless top with ruffled shoulders and gold buttons down the front, paired with white high-waisted jeans."
00682_00.jpg,"The dress is a light purple, short-sleeved t-shirt with a round neckline and a fitted silhouette."
00685_00.jpg,"The dress is a long-sleeved, olive green tie-dye turtleneck top paired with high-waisted, orange-brown jeans."
00686_00.jpg,"The dress is a white sleeveless top with lace trim around the neckline and shoulders, paired with blue jeans."
00687_00.jpg,The dress is a black long-sleeved top with buttons down the front and white striped pants.
00689_00.jpg,"The dress is a floral print camisole top with thin straps and a low back, paired with white high-waisted jeans."
00691_00.jpg,"The dress is a long-sleeved, yellow t-shirt with an embroidered horse logo on the left chest."
00692_00.jpg,The dress is a bright pink T-shirt with white text and blue jeans.
00694_00.jpg,"The dress is a grey long-sleeved polo shirt with black buttons and a small red, white, and blue flag logo on the left chest."
00695_00.jpg,"The dress is an orange floral print top with a V-neckline and short sleeves, paired with black jeans."
00696_00.jpg,"The dress is a black floral print blouse with a tie neck and long sleeves, paired with black leggings."
00697_00.jpg,"""The dress is a long-sleeved, navy blue top with a subtle orange and black floral pattern, paired with a beige skirt."""
00699_00.jpg,The dress is a black t-shirt with silver rhinestone embellishments and leopard print shorts.
00700_00.jpg,"""A navy blue floral-patterned crop top paired with white high-waisted pants."""
00702_00.jpg,The dress is a mustard yellow sleeveless top with a geometric pattern and matching leggings.
00704_00.jpg,"The dress is a green, long-sleeved top with a boat neckline and black pants underneath."
00706_00.jpg,"The dress is a red, long-sleeved blouse with a deep V-neckline and black pencil skirt."
00707_00.jpg,"The dress is a cream-colored, short-sleeved, knitted top with a V-neckline and a belt at the waist."
00708_00.jpg,"The dress is a white blouse with a V-neckline and 3/4 sleeves, paired with black and white striped pants."
00710_00.jpg,The dress is a black sleeveless top and light blue jeans with distressed details.
00711_00.jpg,The dress is a black and yellow leopard print skirt with a graphic tee underneath featuring a silhouette of a person.
00712_00.jpg,The dress is a navy blue sleeveless top with a scoop neckline and fitted fit.
00715_00.jpg,The dress is a white V-neck T-shirt with colorful polka dots and blue jeans.
00716_00.jpg,The dress is a blue floral print off-shoulder top with ruffled sleeves and blue jeans.
00717_00.jpg,The dress is a teal blue long-sleeved top paired with plaid pants featuring a black belt and a large buckle.
00718_00.jpg,The dress is an olive green long-sleeved top paired with black drawstring pants.
00719_00.jpg,The dress is a navy blue spaghetti strap top with lace detailing and a pleated black skirt.
00720_00.jpg,"The dress is a sleeveless top with a patchwork design featuring pink, purple, and blue colors, paired with cream-colored pants."
00721_00.jpg,The dress is a mustard yellow long-sleeved top with ribbed texture and blue jeans.
00722_00.jpg,The dress is a black bodysuit with sheer sleeves and an orange skirt adorned with silver buttons.
00724_00.jpg,"The dress is a sleeveless, red blouse with lace detailing on the neckline and shoulders."
00726_00.jpg,The dress is a black Versace Jeans Couture T-shirt paired with a white denim mini skirt featuring gold buttons and a frayed hemline.
00727_00.jpg,"The dress is a black t-shirt with white stripes and the word ""Fila"" printed on it, paired with black pants."
00728_00.jpg,The dress is a mint green Polo T-shirt paired with white shorts.
00730_00.jpg,"""A green spaghetti strap dress with lace trim and buttons down the front."""
00731_00.jpg,"The dress is a white T-shirt featuring a black and white bulldog graphic and the word ""DOGUE"" in bold letters."
00733_00.jpg,"The dress is a black, short-sleeved, mesh top with a V-neckline and a gold belt featuring circular metal rings."
00735_00.jpg,The dress is a black t-shirt with cargo pants and a belt.
00738_00.jpg,"The dress is a long-sleeved, navy blue and white polka dot top paired with beige pants."
00741_00.jpg,"""A black floral dress with red and pink flowers, featuring a deep V-neckline and long sleeves."""
00742_00.jpg,"The dress is a sleeveless, white blouse with intricate lace detailing at the neckline and hemline."
00743_00.jpg,"The dress is a long-sleeved, black and white striped shirt with a Superdry Premium Brand logo on the front, paired with high-waisted blue jeans."
00744_00.jpg,The dress is a yellow blouse with a floral pattern and short sleeves.
00745_00.jpg,The dress is a black lace top with a leopard print skirt featuring a silver zipper.
00746_00.jpg,The dress is a camouflage patterned crop top and sweatpants set by ellesse.
00747_00.jpg,"The dress is a bright orange, short-sleeved t-shirt with a V-neckline and a textured pattern."
00748_00.jpg,The dress is a white long-sleeved turtleneck top.
00749_00.jpg,The dress is a mustard yellow sleeveless top with a V-neckline and white jeans.
00750_00.jpg,"The dress is a long-sleeved, deep V-neck top in a heathered blue denim pattern."
00751_00.jpg,The dress is a white long-sleeved top paired with black trousers.
00752_00.jpg,"The dress is a blue, long-sleeved top with ruched details on the sides and a fitted waistline."
00753_00.jpg,"The dress is a black long-sleeved top with a mock neck and fitted sleeves, paired with high-waisted dark jeans featuring button fly closure and front pockets."
00754_00.jpg,"The dress is a white, short-sleeved top with a V-neckline and a front knot, paired with matching pants."
00755_00.jpg,The dress is a green short-sleeved top with a mock neck and black pants.
00756_00.jpg,The dress is a green short-sleeved top with a mock neck and black pants.
00757_00.jpg,"The dress is a pastel pink, short-sleeved top with a scoop neckline and white high-waisted jeans."
00758_00.jpg,The dress is a black short-sleeved top with a V-neckline and a floral pattern in white and yellow.
00759_00.jpg,"The dress is a green, short-sleeved t-shirt with a crew neckline and a relaxed fit."
00761_00.jpg,The dress is a black long-sleeved top with a square neckline and olive green high-waisted trousers.
00763_00.jpg,"The dress is a white, short-sleeved, V-neck T-shirt."
00764_00.jpg,The dress is a vibrant pink blouse paired with a plaid skirt.
00766_00.jpg,"The dress is a black T-shirt with floral designs and the text ""MON AMOUR POUR TOI"" printed on it."
00767_00.jpg,The dress is a black lace peplum top with long sleeves and a fitted skirt.
00769_00.jpg,The dress is a navy blue long-sleeved blouse with a front knot and black pants.
00770_00.jpg,The dress is a white long-sleeved T-shirt with a small colorful graphic on the left chest area and olive-green cargo pants.
00771_00.jpg,The dress is a teal long-sleeved top with buttons down the front and black pants.
00772_00.jpg,The dress is a white Guess T-shirt paired with a red and white pleated skirt.
00773_00.jpg,"A white t-shirt with black text and graphics, paired with black high-waisted trousers with a tie belt."
00774_00.jpg,The dress is a red one-shoulder top with a draped front and black pants.
00775_00.jpg,The dress is a black sleeveless top with a lace collar and a black belt with silver buckles.
00776_00.jpg,The dress is a black lace top with a black turtleneck and plaid pants.
00777_00.jpg,The dress is a black T-shirt featuring a rhinestone Karl Lagerfeld logo and black leather pants.
00778_00.jpg,"""A sleeveless, ribbed knit top with a gradient color from white to pink, paired with white pants."""
00779_00.jpg,The dress is a leopard print long-sleeved top with a square neckline and blue jeans.
00780_00.jpg,"The dress is a blue, sparkly, sleeveless top with a square neckline and black pants underneath."
00783_00.jpg,The dress is a brown satin spaghetti strap top with a front tie and black high-waisted jeans.
00784_00.jpg,The dress is a white tank top paired with light blue jeans.
00786_00.jpg,"The dress is a red, zebra-printed top with a boat neckline and short sleeves, paired with white high-waisted pants."
00787_00.jpg,The dress is a black spaghetti strap top with lace trim and light blue jeans.
00791_00.jpg,The dress is a mustard yellow long-sleeved top with a fitted silhouette and a cowl neckline.
00792_00.jpg,"""The dress is a white and green striped short-sleeved blouse."""
00793_00.jpg,The dress is a navy blue T-shirt with orange text and black pants.
00794_00.jpg,"The dress is a navy blue polo shirt with short sleeves and white buttons, paired with plaid pants."
00795_00.jpg,The dress is a neon green top with puffed sleeves and white pants.
00796_00.jpg,The dress is a black spaghetti strap top paired with teal floral print pants.
00797_00.jpg,A black blouse with yellow floral patterns and ruffled cuffs.
00798_00.jpg,"The dress is a black sleeveless top with a high neckline and fitted fit, paired with blue jeans."
00799_00.jpg,"The dress is a black, sleeveless romper with a ruffled waist and a flared skirt."
00800_00.jpg,The dress is a green t-shirt with white wave designs on the sleeves and a silver pendant necklace.
00801_00.jpg,The dress is a maroon sequined tank top paired with distressed blue jeans.
00803_00.jpg,"The dress is a navy blue long-sleeved shirt featuring a snowman graphic and the text ""Let It Snow""."
00804_00.jpg,"""The dress is a cream-colored, sleeveless knit mini dress with a square neckline and tassel trim at the bottom."""
00805_00.jpg,The dress is a green Tommy Sport T-shirt with a white and red logo on the chest.
00806_00.jpg,"""A pink cardigan with lace trim and button details."""
00807_00.jpg,The dress is a white long-sleeved top with a round neckline and blue jeans.
00808_00.jpg,"The dress is a white T-shirt with red text and blue trim, paired with blue jeans."
00810_00.jpg,The dress is a white t-shirt with a small red logo on the left chest area.
00811_00.jpg,"""Peach-colored long-sleeved sweatshirt with a sunset graphic and light blue jeans."""
00812_00.jpg,The dress is a black long-sleeved top with a bow at the neckline and a leopard print skirt.
00813_00.jpg,The dress is a white long-sleeved top with a boat neckline and blue jeans.
00815_00.jpg,"The dress is a sleeveless, pastel pink crop top with black trim and a logo on the left side."
00816_00.jpg,"The dress is a fitted, short-sleeved, white t-shirt with a V-neckline and black high-waisted jeans."
00817_00.jpg,The dress is a black long-sleeved top with a scoop neckline and high-waisted jeans.
00818_00.jpg,"The dress is a white t-shirt with the word ""LOVE"" written on it in colorful sequins."
00819_00.jpg,"The dress is a white long-sleeved top with red stripes on the sleeves and neckline, paired with dark blue jeans."
00822_00.jpg,"The dress is a rust-colored, long-sleeved blouse with a deep V-neckline and a front knot detail, paired with navy blue high-waisted pants."
00823_00.jpg,"The dress is a purple t-shirt with black shorts and white, red, and blue stripes on the sleeves."
00825_00.jpg,The dress is a purple V-neck T-shirt with short sleeves and a fitted silhouette.
00826_00.jpg,"The dress is a sleeveless, off-white top with lace trim at the neckline and black pants."
00829_00.jpg,"The dress is a long-sleeved, white and red striped top paired with dark blue jeans featuring gold buttons."
00830_00.jpg,"The dress is a long-sleeved, maroon-colored top with small white polka dots and gold buttons down the front, paired with high-waisted blue jeans."
00831_00.jpg,"The dress is a white sleeveless top with ""Versace Jeans"" printed on it, paired with a black leather skirt featuring gold zippers and a front pocket."
00833_00.jpg,"A woman wearing a pink, black, and white FILA logo t-shirt and beige pants."
00834_00.jpg,"The dress is a white sleeveless top with lace trim and a deep V-neckline, paired with high-waisted blue jeans."
00835_00.jpg,The dress is a white T-shirt with red and black text and a brown suede mini skirt with a zipper.
00836_00.jpg,"The dress is a sleeveless, floral-patterned top in navy blue with yellow and white flowers on green leaves."
00837_00.jpg,The dress is a red long-sleeved top with a pocket and light blue jeans.
00838_00.jpg,"""The dress is a cream-colored blouse with a bow at the neck and black pants."""
00841_00.jpg,"The dress is a teal-colored top with lace detailing at the neckline and short sleeves, paired with blue jeans."
00842_00.jpg,"The dress is a long-sleeved, high-necked top with a cityscape print and light blue jeans."
00844_00.jpg,"The dress is a Tommy Sport crop top and leggings set, featuring a green and white color block design."
00845_00.jpg,"""A black oversized sweater paired with a plaid skirt featuring yellow, black, and white squares."""
00846_00.jpg,"The dress is a long-sleeved, patterned top with a V-neckline and white pants."
00847_00.jpg,The dress is a white long-sleeved top with a cut-out design on the front and black leather pants with a zipper detail at the waistline.
00849_00.jpg,The dress is a black floral print top with a V-neckline and short sleeves.
00850_00.jpg,"The dress is a white, short-sleeved blouse with a bow at the collar and black pants with a bow at the waist."
00851_00.jpg,"""A woman wearing a black turtleneck sweater and plaid pants."""
00853_00.jpg,"The dress is an olive green t-shirt with a sunflower design made of rhinestones, paired with light blue jeans."
00854_00.jpg,The dress is a white and navy blue color-blocked hoodie with a lace-up front and long sleeves.
00855_00.jpg,"The dress is a black and white patterned top with short sleeves and a round neckline, paired with light blue jeans."
00857_00.jpg,"The dress is a pink, short-sleeved top with a subtle lattice pattern and blue jeans."
00860_00.jpg,The dress is a gray Levis t-shirt with a red logo on the front and black jeans.
00861_00.jpg,"""A sleeveless, pastel pink top with lace detailing and black high-waisted pants."""
00863_00.jpg,"The dress is a sleeveless, cowl-neck bodysuit in a nude color paired with black pants."
00864_00.jpg,The dress is a teal sleeveless top with lace detailing on the neckline and blue jeans.
00866_00.jpg,The dress is a black long-sleeved top with a scoop neckline and tan pants.
00867_00.jpg,The dress is a white V-neck T-shirt paired with a navy blue skirt featuring red and white stripes.
00868_00.jpg,The dress is a gray long-sleeved top with a V-neckline and green high-waisted trousers with a belt.
00869_00.jpg,"The dress is an orange knit tank top with a scoop neckline and button details, paired with white pants."
00870_00.jpg,The dress is a light pink spaghetti strap top with lace detailing at the neckline and blue jeans.
00871_00.jpg,The dress is a salmon pink spaghetti top with lace trim and black jeans.
00872_00.jpg,"""Striped long-sleeved top in white and navy blue."""
00873_00.jpg,"""Lavender knitted polo shirt with a collar and white pants."""
00874_00.jpg,The dress is a black Carhartt T-shirt paired with black pants and a black belt.
00876_00.jpg,"The dress is a black sleeveless top with lace detailing on the neckline and shoulders, paired with plaid pants."
00878_00.jpg,"The dress is a black short-sleeved top with a V-neckline and button details, paired with leopard print pants."
00879_00.jpg,"The dress is a blue blouse with a high collar and long sleeves, paired with black pants."
00880_00.jpg,The dress is a vibrant orange long-sleeved top paired with white jeans.
00881_00.jpg,"The dress is a white T-shirt featuring a drawing of a polar bear riding a bicycle, paired with black pants."
00882_00.jpg,"The dress is a black, long-sleeved top with a V-neckline and a layered hemline."
00883_00.jpg,"The dress is a black short-sleeved top with lace details on the neckline and shoulders, paired with plaid pants."
00885_00.jpg,"The dress is a long-sleeved, brown top paired with a black pleated skirt."
00886_00.jpg,"The dress is a black, patterned top with a 3/4 sleeve and an asymmetrical hemline."
00887_00.jpg,"""Yellow floral print spaghetti strap top."""
00890_00.jpg,The dress is a black ribbed long-sleeved top with a mock neck and fitted black jeans.
00892_00.jpg,"The dress is a navy blue blouse with white polka dots, featuring a V-neckline and long sleeves with elastic cuffs."
00894_00.jpg,The dress is a white sleeveless top with red trim and a Tommy Sport logo on the chest.
00895_00.jpg,The dress is a black long-sleeved T-shirt with white geometric patterns on the sleeves and a small white logo on the chest.
00896_00.jpg,"The dress is a black, short-sleeved top with embellished shoulder pads and cream-colored pants."
00897_00.jpg,"The dress is a long-sleeved, white and navy blue striped top with a front zipper and black high-waisted jeans."
00898_00.jpg,"The dress is a long-sleeved, V-neck sweater with a black and gold striped pattern, paired with black leather pants."
00899_00.jpg,"The dress is a white blouse with black vertical stripes and red trim, paired with blue jeans."
00900_00.jpg,The dress is a leopard print blouse with a red tassel necklace and blue jeans.
00901_00.jpg,The dress is a navy blue floral print top paired with a light blue denim skirt.
00903_00.jpg,"The dress is an olive green, off-shoulder, long-sleeved top with a square neckline and fitted sleeves."
00904_00.jpg,"The dress is a black floral print top with short sleeves and a round neckline, paired with dark jeans."
00905_00.jpg,The dress is a black long-sleeved top paired with a black faux leather skirt featuring button details.
00907_00.jpg,The dress is a white T-shirt with a cactus print and blue jeans.
00908_00.jpg,"""A black lace-trimmed spaghetti strap top paired with white pants."""
00909_00.jpg,"The dress is a sleeveless, knitted top in yellow, blue, and green stripes, paired with white pants."
00910_00.jpg,The dress is a white blouse with intricate lace embroidery and short sleeves.
00912_00.jpg,"The dress is an orange, short-sleeved top with a round neckline and a relaxed fit."
00913_00.jpg,"The dress is a white blouse with long sleeves and a V-neckline, paired with black pants."
00914_00.jpg,"The dress is a sleeveless floral print top with blue, yellow, and white flowers on a white background, paired with white pants."
00915_00.jpg,"The dress is a white T-shirt with blue and black abstract designs and text that reads ""FEEL YOUR ENERGY."""
00917_00.jpg,"The dress is a black, short-sleeved top with intricate cut-out patterns and a black denim skirt with white stitching details."
00918_00.jpg,"The dress is a maroon-colored T-shirt with floral patterns and the word ""ENJOY"" printed on it."
00919_00.jpg,The dress is a white short-sleeved top with buttons down the front and high-waisted blue jeans.
00921_00.jpg,"The dress is a long-sleeved, red top with a lace neckline and blue jeans."
00922_00.jpg,"The dress is a black long-sleeved top with one shoulder exposed, paired with white pants."
00923_00.jpg,"The dress is a black blouse with white polka dots and a V-neckline, paired with blue jeans."
00924_00.jpg,The dress is a black and white pol dot print spaghetti strap top.
00926_00.jpg,"The dress is a black leather mini skirt with a side slit and a floral patterned crop top in black, red, and white colors."
00927_00.jpg,"The dress is a short-sleeved, multi-colored striped top paired with beige pants."
00928_00.jpg,"""A woman wearing a loose-fitting, heather gray t-shirt and dark blue jeans."""
00929_00.jpg,The dress is a teal metallic short-sleeved top with a knot at the front and black pants underneath.
00930_00.jpg,The dress is a white long-sleeved top with a ruffled collar and black high-waisted pants.
00931_00.jpg,The dress is a white Nike long-sleeved top paired with black jeans.
00932_00.jpg,"The dress is a navy blue top with lace sleeves and a fitted silhouette, paired with blue jeans."
00933_00.jpg,"The dress is a white floral print spaghetti top with black polka dots and red flowers, paired with black high-waisted trousers."
00934_00.jpg,"The dress features a leopard print skirt, black top, and a beige coat."
00935_00.jpg,"The dress is a long-sleeved, patterned top with a black and white geometric design, paired with light blue jeans."
00938_00.jpg,The dress is a white T-shirt paired with dark blue jeans.
00940_00.jpg,"The dress is a black t-shirt with an alien and space theme, paired with colorful shorts featuring various shapes and patterns."
00941_00.jpg,The dress is a navy blue top with lace sleeves and high-waisted jeans.
00943_00.jpg,"The dress is a black long-sleeved blouse with white speckles, featuring a round neckline and a front slit."
00944_00.jpg,The dress is a navy blue floral print top with 3/4 sleeves and white pants.
00945_00.jpg,"The dress is a white blouse with a gold chain pattern, featuring a V-neckline and long sleeves."
00946_00.jpg,"""A dark gray, long-sleeved, button-down shirt with a high collar."""
00947_00.jpg,The dress is a white sleeveless top with a floral lace pattern and white pants.
00949_00.jpg,The dress is a black polo shirt with short sleeves and a white skirt featuring black stripes at the waistline.
00951_00.jpg,The dress is a black short-sleeved t-shirt.
00952_00.jpg,"The dress is a black, semi-sheer top with a draped front and 3/4 sleeves."
00953_00.jpg,"""Orange polka dot blouse with rolled sleeves and blue jeans."""
00954_00.jpg,"""A black sleeveless top with a round neckline and a black belt with a silver buckle."""
00956_00.jpg,"""A red and white striped sleeveless maxi dress."""
00957_00.jpg,The dress is a black lace top with long sleeves and an orange leopard print skirt with a gold belt.
00958_00.jpg,"""A woman wearing a black turtleneck top and plaid pants."""
00959_00.jpg,"""The dress is a cream-colored, ribbed knit outfit consisting of a long-sleeved top and matching pants."""
00962_00.jpg,The dress is a white sweatshirt with blue leaf graphics and tan striped pants with a tie waistband.
00963_00.jpg,The dress is a black long-sleeved top paired with a leopard print skirt featuring a silver zipper detail on the side.
00964_00.jpg,"The dress is a sleeveless, off-white blouse with a boat neckline and black pants."
00965_00.jpg,The dress is a black sleeveless top with white polka dots and blue jeans.
00966_00.jpg,The dress is an olive green long-sleeved top paired with black jeans.
00967_00.jpg,"The dress is a black lace top with sheer sleeves and a high neckline, paired with high-waisted dark jeans."
00968_00.jpg,"The dress is a camouflage print top with a V-neckline and bell sleeves, paired with beige jeans."
00969_00.jpg,"""A black, long-sleeved turtleneck top with a fitted silhouette and a high neckline."""
00970_00.jpg,"The dress is a white t-shirt with the word ""KARL"" written on it in gold letters, paired with silver metallic pants."
00971_00.jpg,The dress is a white long-sleeved t-shirt with a small blue logo on the chest and blue jeans.
00972_00.jpg,"The dress is a short-sleeved, ribbed, pink top with black jeans."
00973_00.jpg,The dress is a white T-shirt with colorful embroidery on the front and a green skirt worn over it.
00974_00.jpg,The dress is a red blouse with a tie neckline and black pleated skirt.
00977_00.jpg,"The dress is a white, short-sleeved, mesh top with a round neckline and black pants with a silver belt buckle."
00978_00.jpg,"The dress is a red, long-sleeved top with a boat neckline and 3/4 sleeves."
00979_00.jpg,"The dress is a long-sleeved, red and black patterned blouse with a tie-neckline and black jeans."
00980_00.jpg,"The dress is a black and white polka dot pattern top with a V-neckline and cap sleeves, paired with beige pants."
00982_00.jpg,The dress is a black turtleneck top paired with beige ribbed pants.
00983_00.jpg,"The dress is a mustard yellow top with lace details on the shoulders and sleeves, paired with light blue jeans."
00985_00.jpg,"The dress is a long-sleeved, heather gray top paired with white high-waisted jeans."
00987_00.jpg,The dress is a light blue polo shirt with a tropical leaf pattern and white pants.
00988_00.jpg,"""A black dress with lace trim and a fitted silhouette."""
00990_00.jpg,The dress is a mustard yellow top with black paisley patterns and white jeans.
00994_00.jpg,The dress is a white EA7 Emporio Armani T-shirt paired with black EA7 sweatpants.
00995_00.jpg,The dress is a black V-neck T-shirt paired with high-waisted dark gray jeans.
00996_00.jpg,"The dress is a sleeveless, color-blocked crop top with a black and pink design featuring a white logo on the chest."
00997_00.jpg,The dress is a white Tommy Jeans T-shirt with a small logo on the left chest and olive green pants.
00998_00.jpg,The dress is a black long-sleeved top with buttons down the front and blue jeans.
00999_00.jpg,"The dress is a sleeveless top with a white and blue abstract pattern, paired with black pants featuring silver buttons on the waistband."
01001_00.jpg,"A black long-sleeved T-shirt with a red and white FILA logo on the front, paired with white pants featuring side pockets and drawstrings at the waist."
01002_00.jpg,The dress is a black long-sleeved top paired with a plaid skirt featuring a tie waist.
01004_00.jpg,The dress is a pink Polo Ralph Lauren T-shirt with a blue logo and dark blue jeans.
01005_00.jpg,The dress is a bright pink t-shirt with a white skull patch pocket and a black and white floral skirt.
01007_00.jpg,The dress is a black sheer top with barbed wire designs and a leopard print skirt with a silver zipper.
01009_00.jpg,"The dress is a pink GAP T-shirt with ""New York"" written on it."
01010_00.jpg,The dress is a black and white striped long-sleeved top paired with high-waisted blue jeans.
01012_00.jpg,The dress is a yellow blouse with puff sleeves and blue patterned pants.
01013_00.jpg,The dress is a white sleeveless top and a pink denim skirt with a front slit.
01015_00.jpg,"The dress is a white long-sleeved top with a crew neck and a fitted waist, paired with tan pants."
01017_00.jpg,"The dress is a black sleeveless top with thin straps and a scoop neckline, paired with light blue jeans and a colorful belt."
01018_00.jpg,"The dress is a black, short-sleeved top with a front knot and blue jeans."
01019_00.jpg,The dress is a white T-shirt with gold embroidery and dark blue jeans.
01020_00.jpg,The dress is a yellow sleeveless top paired with colorful leggings featuring floral patterns.
01021_00.jpg,The dress is a pink floral print sleeveless top with ruffled straps and a square neckline.
01022_00.jpg,The dress is a black hal tank top paired with olive-green pants and a black belt adorned with silver studs.
01023_00.jpg,The dress is a black and white leopard print top with a floral design on the chest.
01024_00.jpg,"The dress is a long-sleeved, black and orange patterned top with silver chain designs, paired with black leather pants."
01025_00.jpg,"The dress is a white T-shirt with thin horizontal stripes in blue and orange, featuring an embroidered flower on the left side of the chest."
01027_00.jpg,"The dress is a long-sleeved, beige bodysuit paired with high-waisted blue jeans featuring gold buttons and a belt buckle."
01028_00.jpg,"The dress is a long-sleeved, patterned top with a scoop neckline and black pants."
01029_00.jpg,The dress is a black T-shirt featuring a space-themed graphic and text.
01030_00.jpg,The dress is a red and blue patterned spaghetti strap top paired with a black faux leather skirt.
01032_00.jpg,"The dress is a sleeveless, deep V-neck bodysuit in a rust color paired with a black satin skirt."
01033_00.jpg,"""A black long-sleeved sweatshirt with white stripes on the sleeves and a circular logo on the chest."""
01034_00.jpg,"The dress is a navy blue, short-sleeved top with intricate lace and embroidery details."
01037_00.jpg,"""Lavender polo shirt with a small green logo on the chest and white denim shorts."""
01038_00.jpg,The dress is a white T-shirt with an embroidered character on the left chest and a black leather skirt with a fitted waistline.
01039_00.jpg,"The dress is a long-sleeved, black, glittery top with a round neckline and a fitted silhouette."
01040_00.jpg,"The dress is a gray, long-sleeved top with a V-neckline and a front pocket."
01041_00.jpg,"The dress is a white and black striped t-shirt with colorful letters on it, paired with red plaid pants featuring brown belt buckles."
01042_00.jpg,The dress is a black sleeveless top with a draped neckline and light blue jeans.
01043_00.jpg,"The dress is a black Carhartt T-shirt with red and white lettering, paired with blue jeans."
01044_00.jpg,"The dress is a long-sleeved, multicolored striped top with a V-neckline and a black belt."
01045_00.jpg,"The dress is a layered maternity top with a white collar and black body, worn over black pants."
01047_00.jpg,"The dress is a black, long-sleeved top with a V-neckline and a knot at the waist, paired with blue jeans."
01049_00.jpg,"The dress is a red, short-sleeved top with a round neckline and a fitted fit."
01050_00.jpg,"The dress is a navy blue jumpsuit with a deep V-neckline, long sleeves, and a front bow detail."
01052_00.jpg,The dress is a black jumpsuit with a metallic mesh top and high-waisted pants.
01053_00.jpg,"The dress is a black, sleeveless top with a white horizontal stripe on the chest and dark gray leggings."
01055_00.jpg,"The dress is a white T-shirt with the word ""FEMME"" written in blue letters on it, paired with high-waisted blue jeans."
01056_00.jpg,The dress is a neon yellow long-sleeved top with a high neckline and black shorts.
01058_00.jpg,"The dress is a white T-shirt with a light blue circular graphic on the front, paired with maroon high-waisted trousers."
01059_00.jpg,"""A sky blue wrap top with a tie waist and black pants."""
01060_00.jpg,A white long-sleeved shirt with colorful patterns on the sleeves and a colorful leopard print pattern on the bottom of red pants.
01061_00.jpg,The dress is a white blouse with short sleeves and a floral skirt in red with black and white flowers.
01062_00.jpg,The dress is a silver sequined top paired with black velvet pants.
01063_00.jpg,The dress is a vibrant red turtleneck top paired with black high-waisted trousers.
01064_00.jpg,The dress is a white polo shirt with a small blue horse logo on the chest and blue jeans with a brown belt.
01065_00.jpg,"The dress is a sleeveless top with a white base, adorned with colorful animal prints and green leaves, featuring a red tassel at the neckline."
01067_00.jpg,"""A stylish black blouse with a ruffled neckline and long sleeves, paired with cream-colored trousers featuring a belt."""
01068_00.jpg,"The dress is a red, short-sleeved top with a mock neck and white jeans."
01071_00.jpg,"""Black and white striped long-sleeved top."""
01073_00.jpg,The dress is a teal long-sleeved top with lace detailing and white pants.
01075_00.jpg,"The dress is a long-sleeved, white and red raglan shirt with ""Dickies EST. 1923"" printed on it."
01076_00.jpg,"The dress is a long-sleeved, patterned top with a high neckline and white pants."
01077_00.jpg,The dress is an orange FILA T-shirt paired with black shiny pants.
01079_00.jpg,The dress is a black ribbed short-sleeved top paired with black and white striped pants.
01081_00.jpg,"The dress is a white blouse with red vertical stripes, featuring a V-neckline and long sleeves."
01082_00.jpg,"The dress is a sleeveless, lime green, ribbed crop top."
01083_00.jpg,The dress is a black blouse with a tie neckline and a tan skirt with black spots.
01084_00.jpg,The dress is a black long-sleeved top with a knot detail at the front and blue jeans.
01085_00.jpg,The dress is a white T-shirt with a circular pattern on the front and blue pants.
01086_00.jpg,"The dress is a beige sleeveless top with the word ""POWER"" embroidered on it."
01087_00.jpg,"The dress is a red, off-shoulder top paired with matching leather pants featuring a front bow and waist tie."
01088_00.jpg,"The dress is a white t-shirt with silver sequins spelling ""Mademoiselle"" and a light blue tulle skirt."
01089_00.jpg,The dress is a black ribbed long-sleeved top with a bow at the neck and plaid gray pants.
01091_00.jpg,"The dress is a long-sleeved, floral-patterned top with a high neckline and blue jeans."
01093_00.jpg,The dress is a green and black tiger print long-sleeved top with a V-neckline and black high-waisted jeans.
01094_00.jpg,The dress is a red polo shirt paired with black trousers.
01095_00.jpg,The dress is a maroon top paired with navy blue pants featuring white leaf patterns.
01096_00.jpg,"""A red blouse with a bow neckline and sheer sleeves, paired with dark blue pants."""
01097_00.jpg,The dress is a white long-sleeved top with black pants and a brown belt.
01098_00.jpg,"The dress is a sleeveless, cream-colored top with lace detailing on the shoulders and a gold necklace."
01099_00.jpg,"The dress is a white t-shirt with pink stripes and the word ""Superdry"" written on it, paired with beige shorts."
01100_00.jpg,The dress is a white short-sleeved top paired with navy blue trousers.
01101_00.jpg,"The dress is a long-sleeved, patterned top with a high neckline and black leather pants."
01102_00.jpg,"The dress is a white T-shirt with a playful card and magician's hat design, paired with a black skirt featuring red and white heart patterns."
01103_00.jpg,"The dress is an olive green blouse with black polka dots and a high neck, paired with dark jeans."
01104_00.jpg,The dress is a white and black striped t-shirt with a navy blue collar and a small logo on the left chest.
01105_00.jpg,"The dress is a white t-shirt with an embroidered Eiffel Tower design on the left side of the chest, paired with black jeans."
01107_00.jpg,"The dress is a navy blue T-shirt with the word ""LUCKY"" printed in red and white stripes on it, paired with light blue jeans."
01108_00.jpg,"""A woman wearing a peach-colored t-shirt and navy blue striped pants."""
01109_00.jpg,The dress is a navy blue long-sleeved top with a subtle pattern and black pants.
01110_00.jpg,"The dress is a dark green, short-sleeved turtleneck top paired with black leather pants."
01111_00.jpg,The dress is a white sleeveless top with lace details and black shorts.
01113_00.jpg,"The dress is a sleeveless, blue and white checkered top with ruffled shoulders and a zipper down the front."
01114_00.jpg,The dress is a mustard yellow long-sleeved top with a round neckline and black pants.
01115_00.jpg,The dress is a sheer black top with a leopard print pattern and black pants.
01116_00.jpg,The dress is a red Adidas crop top and matching leggings set.
01117_00.jpg,The dress is a floral print blouse with long sleeves and a black denim skirt.
01119_00.jpg,"""The dress is a floral print blouse with a V-neck and puff sleeves, featuring pink roses on a dark blue background."""
01120_00.jpg,The dress is a black and white plaid crop top with ruffled hemline.
01121_00.jpg,"""A maroon long-sleeved dress with ruched details and a fitted silhouette."""
01122_00.jpg,"""Tiger-printed spaghetti strap dress."""
01124_00.jpg,The dress is a red Levi's T-shirt paired with high-waisted blue jeans.
01125_00.jpg,"The dress is a black leather skirt with a textured, patterned top featuring a round neckline and long sleeves."
01126_00.jpg,The dress is a red long-sleeved top with ruffled cuffs and a black and orange patterned skirt.
01127_00.jpg,"The dress is a white, short-sleeved t-shirt with a round neckline and a fitted fit."
01128_00.jpg,"The dress is a red T-shirt featuring a white geometric and butterfly design, paired with white pants."
01129_00.jpg,"The dress is a black short-sleeved top with lace details and buttons down the front, paired with light blue jeans."
01130_00.jpg,"The dress is a green t-shirt with a red embroidered horse logo on the left chest area, paired with brown corduroy pants."
01131_00.jpg,The dress is a white lace crop top with thin spaghetti straps and a fitted skirt.
01132_00.jpg,"The dress is a black long-sleeved turtleneck top with a high neckline and long sleeves, paired with white pants."
01133_00.jpg,"""A navy blue spaghetti strap dress with ruched detailing and lace trim at the bottom."""
01134_00.jpg,"The dress is a yellow, short-sleeved blouse with ruffled sleeves and a boat neckline."
01135_00.jpg,The dress is a white blouse with black floral patterns and a yellow skirt.
01136_00.jpg,"The dress is a long-sleeved, orange-brown blouse with a drawstring neckline and ruffled cuffs."
01137_00.jpg,"The dress is a white blouse with black floral patterns, paired with black pants."
01138_00.jpg,"A navy blue blouse adorned with white tiger prints, paired with a black satin skirt."
01139_00.jpg,The dress is a maroon long-sleeved top paired with white high-waisted trousers.
01141_00.jpg,"""The dress is a long-sleeved blouse with a floral pattern, paired with olive green pants."""
01142_00.jpg,"""A sleeveless, pastel pink blouse with lace detailing and a black mini skirt."""
01144_00.jpg,"The dress is a sleeveless, floral-patterned blouse with a white background featuring blue, yellow, and orange flowers and leaves."
01146_00.jpg,The dress is a black short-sleeved top with a V-neckline and a yellow and white striped skirt with buttons down the front.
01147_00.jpg,The dress is a black spaghetti strap top with a layered hemline and black pants.
01148_00.jpg,"""A gray, long-sleeved, ribbed sweater with a boat neckline."""
01150_00.jpg,"The dress is a navy blue t-shirt with a small white logo on the left side of the chest, paired with black jeans featuring silver buttons and red stitching details."
01151_00.jpg,The dress is a white Reebok T-shirt paired with green high-waisted trousers featuring a bow at the waist.
01152_00.jpg,The dress is a black long-sleeved top with a square neckline and a green satin skirt.
01153_00.jpg,The dress is a navy blue Reebok T-shirt paired with white sweatpants.
01156_00.jpg,The dress is a white sleeveless henley top with three buttons down the front and blue jeans.
01157_00.jpg,"The dress is a sleeveless, sparkly brown top with a high neckline and black leather pants."
01158_00.jpg,The dress is a yellow sleeveless top with a round neckline and blue jeans.
01159_00.jpg,"The dress is a navy blue top with a subtle pink floral pattern and 3/4 sleeves, paired with blue jeans."
01160_00.jpg,The dress is a purple sleeveless top paired with patterned leggings.
01162_00.jpg,"The dress is a white, short-sleeved t-shirt with a round neckline and a fitted silhouette."
01164_00.jpg,"The dress is a long-sleeved, navy blue turtleneck top paired with high-waisted, light blue jeans."
01165_00.jpg,"The dress is a white, short-sleeved t-shirt with a crew neck and a fitted silhouette."
01166_00.jpg,"The dress is a bright orange, long-sleeved, ribbed top with a deep V-neckline and fitted silhouette."
01167_00.jpg,"""A gray long-sleeved top with embellished shoulder details and black pants."""
01168_00.jpg,The dress is a mustard yellow long-sleeved top with a mock neck and tan pants.
01170_00.jpg,"The dress is a light pink t-shirt with ""STOCKHOL"" written in red letters on the front, paired with blue jeans."
01173_00.jpg,"A white T-shirt with a colorful butterfly design and text on it, paired with light blue cargo pants."
01174_00.jpg,"The dress is a sleeveless, striped bodysuit with a V-neckline and thin straps."
01177_00.jpg,"The dress is a floral print top with long sleeves and a blue background, paired with white jeans."
01179_00.jpg,The dress is a navy blue T-shirt with yellow floral prints and dark blue jeans.
01180_00.jpg,"The dress is a black, square-neck top with puff sleeves and tan pants with a tie waist."
01182_00.jpg,"The dress is a black long-sleeved top with lace detailing at the neckline and cuffs, paired with gray jeans."
01183_00.jpg,The dress is a sleeveless orange top with button details and a black skirt with a tie waist.
01184_00.jpg,"The dress is a colorful, sequined turtleneck top paired with black jeans."
01185_00.jpg,"""A black dress with lace sleeves and a fitted bodice."""
01186_00.jpg,"The dress is a white t-shirt with floral designs and the word ""POLO"" printed on it, worn over blue jeans."
01187_00.jpg,The dress is a blue crop top with a small logo on the left chest and matching blue sweatpants with a drawstring waistband.
01192_00.jpg,"The dress is a pink mini skirt with front pockets and a button closure at the waist, worn over a matching pink t-shirt."
01193_00.jpg,"""The dress is a burgundy blouse with intricate floral embroidery and white pants."""
01194_00.jpg,"The dress is a short-sleeved, green and pink patterned top with a round neckline and a pleated hemline, paired with light blue jeans."
01195_00.jpg,"The dress is a red, short-sleeved t-shirt with a crew neckline and a small logo on the left side of the chest."
01197_00.jpg,"The dress is a long-sleeved, ruffled top in a warm orange color, paired with black leather pants featuring silver zippers and buttons."
01199_00.jpg,"The dress is an orange and white checkered blouse with a V-neckline, three-quarter sleeves, and a tie waist."
01200_00.jpg,"The dress is a black, short-sleeved top with a scoop neckline and white jeans."
01202_00.jpg,"The dress is a long-sleeved, dark gray GAP logo sweatshirt paired with white pants."
01203_00.jpg,"The dress is a yellow T-shirt featuring a graphic design of a woman wearing a hat and the word ""HEBE"" in large letters, paired with beige paper-bag pants."
01204_00.jpg,"The dress is a long-sleeved, tie-dye patterned top with a high neckline and white pants underneath."
01205_00.jpg,The dress is a brown ribbed tank top paired with a white skirt featuring a large circular buckle.
01206_00.jpg,The dress is a black long-sleeved top paired with quilted navy blue pants.
01207_00.jpg,"The dress is a plain, sleeveless, mustard-colored t-shirt."
01208_00.jpg,"The dress is a long-sleeved, orange ribbed sweater with a deep V-neckline and a front tie detail."
01209_00.jpg,"The dress is a long-sleeved, striped top with a pocket on the chest and perforated sleeves."
01210_00.jpg,The dress is a black long-sleeved crop top with a cut-out at the waist and black high-waisted pants with silver zippers on the sides.
01211_00.jpg,The dress is a navy blue Lacoste T-shirt with a small white crocodile logo on the left chest area.
01212_00.jpg,"The dress is a black, long-sleeved top with a textured pattern and denim jeans."
01213_00.jpg,"The dress is a black ribbed short-sleeved top with a high neckline and fitted sleeves, paired with high-waisted black jeans featuring silver button details on the pockets and waistband."
01217_00.jpg,The dress is a black ribbed long-sleeved top and matching black pants.
01218_00.jpg,"The dress is a teal sleeveless top with a pattern of small white dots, paired with off-white high-waisted trousers featuring a gold buckle belt."
01219_00.jpg,"The dress is a black long-sleeved top with intricate lace detailing on the chest and a pair of shiny, snake-skin patterned leggings."
01220_00.jpg,The dress is a black floral print top with a tie neck and 3/4 sleeves.
01221_00.jpg,"The dress is a black, short-sleeved top with crisscross straps at the neckline and olive green pants with a silver belt buckle."
01222_00.jpg,"The dress is a long-sleeved, velvet top with a black and gray color scheme, paired with mustard yellow pants."
01223_00.jpg,The dress is a pink Polo T-shirt paired with light blue jeans.
01224_00.jpg,"The dress is a yellow and white zigzag patterned top with a draped front, paired with white pants."
01225_00.jpg,The dress is a black off-shoulder top with sheer tulle sleeves and black jeans.
01226_00.jpg,"The dress is a red, short-sleeved top with a tie-waist design and a V-neckline."
01227_00.jpg,"The dress is a black blouse with long sleeves and a V-neckline, paired with white pants."
01228_00.jpg,The dress is a black Versace Jeans Couture T-shirt with gold lettering and leopard print pants.
01230_00.jpg,The dress is a black long-sleeved top paired with a black faux leather skirt featuring silver zippers and buttons.
01231_00.jpg,"The dress is a black long-sleeved top paired with a yellow and black leopard print skirt, complemented by a black knitted bag."
01233_00.jpg,"""Blue and black patterned blouse with a V-neckline and long sleeves."""
01235_00.jpg,"The dress is a sleeveless, light purple top with a round neckline and a fitted silhouette."
01236_00.jpg,The dress is a blue scoop-neck short-sleeved T-shirt paired with green and blue checkered pants.
01238_00.jpg,The dress is a teal green blouse with a ruffled neckline and long sleeves.
01239_00.jpg,The dress is a black long-sleeved top paired with high-waisted blue jeans.
01241_00.jpg,"The dress is a white blouse paired with navy blue pleated pants, accessorized with a gold necklace and earrings."
01244_00.jpg,The dress is a leopard print crop top paired with white high-waisted jeans.
01245_00.jpg,"The dress is a black, three-quarter sleeve top with a deep V-neckline and checkered pants."
01246_00.jpg,"The dress is a white long-sleeved top with a V-neckline and a front knot, paired with high-waisted blue jeans."
01247_00.jpg,The dress is a red top paired with pink pants featuring red vertical stripes.
01249_00.jpg,"The dress is a beige, ribbed, short-sleeved cardigan with three buttons down the front and blue jeans."
01250_00.jpg,The dress is a black long-sleeved top with lace detailing at the neckline and tan pants.
01251_00.jpg,The dress is a black polo shirt with a gold embroidered horse logo on the chest and black drawstring pants.
01252_00.jpg,"The dress is a red blouse with a smocked neckline and long sleeves, paired with black leather pants."
01254_00.jpg,The dress is a navy blue long-sleeved top with an embroidered logo on the chest and high-waisted jeans with distressed details.
01255_00.jpg,"The dress is a black and white patterned top with a V-neckline and cap sleeves, paired with white pants."
01257_00.jpg,"""The dress is a blue long-sleeved top with lace cuffs and a plaid patterned skirt."""
01258_00.jpg,The dress is a vibrant orange knit top paired with white shorts featuring a belt and pockets.
01259_00.jpg,"The dress is a black, long-sleeved top with a V-neckline and fitted waist, paired with high-waisted, plaid-patterned trousers."
01262_00.jpg,The dress is a green Nike Air long-sleeved crop top with mesh panels and black pants.
01263_00.jpg,"The dress is a maroon-colored, short-sleeved top with a boat neckline and a pocket on the left side."
01264_00.jpg,The dress is a red and black striped long-sleeved top paired with a navy blue skirt.
01266_00.jpg,"The dress is a floral print spaghetti top with orange, pink, and black flowers on a white background, paired with black high-waisted trousers."
01269_00.jpg,The dress is a white long-sleeved top with a small black logo on the chest and light blue jeans.
01270_00.jpg,The dress is a navy blue floral print top with sheer sleeves and a V-neckline.
01271_00.jpg,"The dress is a black, short-sleeved top with a boat neckline and a fitted silhouette."
01272_00.jpg,"The dress is a black, sparkly, sleeveless top with thin straps and a flared bottom."
01273_00.jpg,"""A black spaghetti strap top with lace trim and gold chain necklaces."""
01274_00.jpg,The dress is a white square-neck sleeveless top paired with red high-waisted trousers.
01276_00.jpg,The dress is a navy blue long-sleeved turtleneck top paired with high-waisted blue jeans.
01277_00.jpg,The dress is a blue and white patterned long-sleeved top paired with a light blue mini skirt.
01278_00.jpg,"The dress is a sleeveless, olive-green top with ruffled shoulders and a distressed hemline, paired with black jeans."
01279_00.jpg,The dress is a white long-sleeved top paired with black floral-patterned pants.
01280_00.jpg,The dress is a mustard yellow short-sleeved top paired with distressed blue jeans.
01281_00.jpg,"The dress is a black short-sleeved T-shirt with a small white logo on the left chest area, paired with black leggings."
01282_00.jpg,"""A maroon blouse with intricate lace detailing and black pants."""
01283_00.jpg,"The dress is a bright pink, short-sleeved T-shirt."
01284_00.jpg,"The dress is a black sleeveless top with sheer mesh detailing on the shoulders and neckline, paired with light blue jeans."
01285_00.jpg,The dress is a white long-sleeved top with a small yellow logo on the left chest and red sweatpants with a small yellow logo on the right leg.
01286_00.jpg,"The dress is a white T-shirt with a black and gold heart design and the word ""LIUJO"" on it, paired with snake print pants."
01288_00.jpg,"""The dress features a vibrant floral pattern with black and red stripes on the sleeves, paired with a black skirt and a white pleated skirt."""
01289_00.jpg,"The dress is a white T-shirt with sheer panels on the sleeves and chest, paired with olive-green pants."
01290_00.jpg,The dress is a green long-sleeved top with a tie detail at the neckline and a navy blue skirt with white stitching and pockets.
01291_00.jpg,The dress is a gray t-shirt with white text and blue jeans.
01292_00.jpg,The dress is a black and white striped long-sleeved top with a high collar and black pants.
01294_00.jpg,The dress is a blue and yellow striped Puma T-shirt paired with yellow sweatpants.
01295_00.jpg,The dress is a black spaghetti strap top with lace detailing and blue jeans.
01297_00.jpg,"The dress is a light blue, short-sleeved t-shirt with a boat neckline and navy blue pants."
01298_00.jpg,"""Silver metallic pleated short-sleeved blouse."""
01299_00.jpg,"The dress is a red floral print blouse with a square neckline and long sleeves, paired with blue jeans."
01300_00.jpg,The dress is a white and red striped T-shirt paired with white pants.
01301_00.jpg,The dress is a black long-sleeved turtleneck top.
01303_00.jpg,"""A black sleeveless top with lace detailing at the neckline."""
01304_00.jpg,The dress is a black top with long sleeves and a mustard yellow skirt with lace trim on the side.
01305_00.jpg,The dress is a brown square-neck long-sleeved top paired with a red floral skirt.
01306_00.jpg,"The dress is a black hal top with a hal tie neckline and fitted sleeves, paired with high-waisted black jeans."
01307_00.jpg,"""A stylish black top paired with a pink skirt featuring a bow at the waist."""
01308_00.jpg,"The dress is a purple long-sleeved crop top with ""FILA"" written on the front and sleeves, paired with black shorts."
01309_00.jpg,The dress is a black sleeveless top and light blue jeans.
01310_00.jpg,"The dress is a long-sleeved, lace-trimmed top with a floral pattern, paired with brown trousers and a black belt."
01311_00.jpg,"""A mint green spaghetti strap top with lace trim and light blue jeans."""
01312_00.jpg,"The dress is a sleeveless, rust-colored hal top with a knot at the front and floral shorts underneath."
01313_00.jpg,"""Peach-colored spaghetti strap top with lace trim and button details."""
01314_00.jpg,"The dress is a sleeveless, off-white top with an asymmetrical hemline and blue jeans."
01315_00.jpg,The dress is a red polo shirt paired with light blue jeans.
01316_00.jpg,"""A gray long-sleeved turtleneck top with a half-zip closure and black pants."""
01317_00.jpg,"The dress is a white cropped T-shirt featuring a graphic print of a woman wearing a pink hat, paired with loose black pants."
01318_00.jpg,The dress is a black spaghetti strap top with a V-neckline and a black belt cinched around the waist.
01319_00.jpg,The dress is a red T-shirt with a small logo on the left chest pocket and a small tag on the right sleeve.
01321_00.jpg,"The dress is a light gray, short-sleeved T-shirt with a round neckline and black leggings underneath."
01322_00.jpg,"The dress is a tan-colored, sleeveless blouse paired with a plaid skirt featuring button details on the side."
01323_00.jpg,The dress is a red floral-patterned T-shirt paired with high-waisted blue jeans.
01324_00.jpg,"The dress is a white and black striped blazer worn over a white top, paired with black culottes and black sandals."
01325_00.jpg,The dress is a black spaghetti strap top paired with teal high-waisted pants.
01326_00.jpg,The dress is a white scoop-neck t-shirt paired with dark blue jeans.
01327_00.jpg,"The dress is a sleeveless, white knit top with a lace-up front and peach-colored pants with a button at the waistline."
01328_00.jpg,"""Lilac ribbed short-sleeved top with button closure and high-waisted blue jeans."""
01329_00.jpg,The dress is an olive green long-sleeved top paired with a black denim skirt featuring distressed edges and button details.
01330_00.jpg,"""The dress is a long, floral-patterned dress with a black base and red accents."""
01331_00.jpg,"""Silver sequined mini dress with ruffled skirt and thin straps."""
01332_00.jpg,"The dress is a white T-shirt with a small yellow flower embroidered on the left side, paired with a floral-patterned skirt featuring blue and beige leaves against a light background."
01333_00.jpg,"The dress is a grey, short-sleeved, mock-neck top with a fitted cut and a high neckline."
01335_00.jpg,"The dress is a yellow, long-sleeved blouse with a floral pattern and a V-neckline."
01336_00.jpg,"The dress is a long-sleeved, red and navy blue striped sweater with a front pocket."
01338_00.jpg,The dress is a black and white striped sleeveless top paired with distressed blue jeans.
01339_00.jpg,"The dress is a black, short-sleeved, loose-fitting T-shirt."
01340_00.jpg,The dress is a grey Hollister T-shirt paired with black sweatpants featuring a white logo on the left leg.
01342_00.jpg,"The dress is a black sleeveless top with an asymmetrical hemline, worn over light blue jeans."
01343_00.jpg,The dress is a white Reebok T-shirt with a logo and blue jeans.
01344_00.jpg,"The dress is a light yellow T-shirt with a small white logo on the left chest area, paired with white jeans."
01345_00.jpg,"The dress is a sleeveless, sparkly gray top with a mock neck and black pants."
01346_00.jpg,The dress is an orange short-sleeved top paired with beige sweatpants.
01347_00.jpg,The dress is a teal top with a black pleated skirt.
01348_00.jpg,"The dress is a white T-shirt with black text that reads ""NOTHING RUNS A FRIDAY LIKE REALIZING IT'S ONLY WEDNESDAY."" and paired with high-waisted blue jeans."
01349_00.jpg,The dress is a white ribbed t-shirt with orange trim and a blue denim skirt featuring silver buttons down the front.
01351_00.jpg,The dress is a black ribbed tank top with lace trim on the straps and bottom hem.
01353_00.jpg,The dress is a light blue bodysuit with lace detailing and white high-waisted jeans.
01354_00.jpg,The dress is a navy blue long-sleeved top with a V-neckline and a leaf pattern in green and blue.
01355_00.jpg,The dress is a white Tommy Hilfiger V-neck T-shirt paired with light blue jeans.
01356_00.jpg,The dress is a long-sleeved olive green top paired with white jeans.
01358_00.jpg,"The dress is a white t-shirt with the word ""OBEY"" printed in colorful letters across the chest."
01361_00.jpg,"The dress is a white, short-sleeved, ribbed crop top with puff sleeves and a V-neckline."
01362_00.jpg,"The dress is a black sleeveless top with a hal pattern and an asymmetrical hemline, paired with black pants."
01363_00.jpg,"The dress is a black and white pol dot print top with a V-neckline and cap sleeves, paired with white pants."
01364_00.jpg,The dress is a light gray Champion brand T-shirt paired with blue jeans featuring white stripes on the sides.
01366_00.jpg,The dress is a green Pepe Jeans t-shirt with a script logo on the front and dark blue jeans with gold stitching at the waistband.
01367_00.jpg,The dress is a black floral print top with sheer sleeves and a side slit.
01368_00.jpg,"The dress is a navy blue, short-sleeved top with lace details on the sleeves and a round neckline."
01369_00.jpg,The dress is an orange long-sleeved top with a square neckline and black leather pants with a belt.
01370_00.jpg,The dress is a black ribbed long-sleeved top paired with a grey skirt featuring button details and a bow at the waist.
01371_00.jpg,"The dress is a white, short-sleeved top with a mock neck and a fitted silhouette."
01372_00.jpg,"The dress is a black, strapless top with a bow detail on one shoulder and a patterned bottom."
01373_00.jpg,Black t-shirt with white FILA logo on the sleeves and white denim shorts.
01374_00.jpg,"The dress is a black, short-sleeved blouse with lace detailing on the shoulders and sleeves, paired with dark jeans."
01375_00.jpg,"The dress is a white blouse with gold buttons and long sleeves, worn over black pants."
01377_00.jpg,"""A woman is wearing a light pink blouse with long sleeves and black pants."""
01378_00.jpg,The dress is a navy blue long-sleeved top with a V-neckline and a black skirt.
01380_00.jpg,"The dress is a black, short-sleeved, waffle-knit top with a round neckline and a loose fit."
01381_00.jpg,"A white T-shirt featuring a colorful flower design and the text ""MAX&Co."" is worn by a person with dark skin, curly black hair, and wearing dark purple pants."
01383_00.jpg,The dress is a black FILA logo T-shirt paired with white jeans.
01384_00.jpg,"""A sleeveless black dress with a high neckline and a fitted silhouette."""
01385_00.jpg,"The dress is a black ribbed turtleneck sweater paired with a plaid skirt featuring yellow, black, and white colors."
01387_00.jpg,"The dress is a sleeveless, pastel pink blouse with lace trim and a black pencil skirt."
01388_00.jpg,The dress is a black long-sleeved top with a boat neckline and fitted fit.
01389_00.jpg,The dress is a black t-shirt with a small white logo on the left side of the chest.
01391_00.jpg,"""The dress is a sleeveless, knitted top with vertical stripes in white and black colors."""
01392_00.jpg,"""A woman wearing a sleeveless, light blue pol dot blouse and white pants."""
01393_00.jpg,The dress is a pink long-sleeved top with a black skirt underneath.
01394_00.jpg,"The dress is a white T-shirt with an embroidered skyline design and the words ""New York City"" below it, paired with red jeans."
01395_00.jpg,"The dress is a black short-sleeved top with lace details on the shoulders and a V-neckline, paired with gray jeans."
01396_00.jpg,"The dress is a teal-colored t-shirt with short sleeves and a round neckline, paired with light blue jeans."
01397_00.jpg,The dress is a black long-sleeved Under Armour top and leggings set.
01398_00.jpg,The dress is a white long-sleeved top with a V-neckline and black jeans.
01400_00.jpg,The dress is a gray turtleneck top and plaid pants with a belt.
01401_00.jpg,"The dress is a white, sleeveless top with a round neckline and a small decorative button on each shoulder."
01402_00.jpg,The dress is a Superdry leopard print T-shirt with a black logo and light blue denim shorts.
01404_00.jpg,"The dress is a long-sleeved, black-and-white striped top with a red logo on the chest and a denim skirt with button details."
01405_00.jpg,"The dress is a yellow crop top with white sleeves and a small Puma logo on the chest, paired with dark blue pinstripe pants."
01406_00.jpg,"The dress is a black bodysuit with lace detailing on the back and sleeves, paired with high-waisted black jeans."
01407_00.jpg,"The dress is a floral print blouse with a tie neckline and long sleeves, paired with high-waisted jeans featuring button details on the front."
01408_00.jpg,"The dress is a loose-fitting, short-sleeved, grey T-shirt."
01411_00.jpg,"The dress is a pastel pink blouse with ruffled hemline and short sleeves, paired with a black leather skirt."
01413_00.jpg,The dress is a black Versace Jeans top with gold embellishments and leopard print pants.
01414_00.jpg,The dress is a black t-shirt paired with a yellow mini skirt.
01415_00.jpg,The dress is a black ribbed tank top with gold buttons and light blue jeans.
01418_00.jpg,"The dress is a sleeveless, blue, ruffled top with matching shorts."
01419_00.jpg,"The dress is a light pink, short-sleeved top with lace details on the sleeves and a round neckline, paired with light blue jeans."
01420_00.jpg,The dress is a black sleeveless top with a fitted silhouette and beige high-waist skirt with button details.
01421_00.jpg,"The dress is a long-sleeved, pink and black zebra print shirt with a V-neckline."
01422_00.jpg,The dress is a beige Reebok sports bra paired with navy blue Reebok shorts.
01423_00.jpg,"The dress is a black, short-sleeved top with a subtle glittery pattern and a round neckline."
01424_00.jpg,"The dress is a black T-shirt with red and green abstract patterns, paired with white jeans."
01425_00.jpg,The dress is an orange polo top with a zipper detail and light blue jeans with white stripes on the sides.
01426_00.jpg,The dress is a black off-shoulder blouse with small white heart patterns and blue jeans.
01427_00.jpg,The dress is a black lace top with long sleeves and light blue jeans.
01431_00.jpg,The dress is a black sleeveless top with a hal cutout and silver sequined pants.
01432_00.jpg,"The dress is a white, short-sleeved top paired with blue, tailored trousers."
01434_00.jpg,"The dress is a floral print blouse with ruffled details and bell sleeves, worn over dark blue jeans."
01435_00.jpg,"The dress is a black polo shirt with a white horse and rider logo on the chest, paired with black pants."
01436_00.jpg,"The dress is a light blue, short-sleeved top with a mock neck and a gold chain necklace."
01437_00.jpg,The dress is a navy blue knitted top with a textured pattern and tan shorts with drawstrings at the waist.
01438_00.jpg,"The dress is a white Champion T-shirt with red and blue trim on the collar and sleeves, paired with navy leggings."
01443_00.jpg,"The dress is a black T-shirt with ""Supermom"" written in red and blue letters."
01444_00.jpg,"The dress is a navy blue floral print blouse with ruffled sleeves and a keyhole neckline, paired with a cream-colored skirt and a brown belt."
01445_00.jpg,"The dress is a gray t-shirt with the word ""MALIBU"" written on it in colorful letters."
01448_00.jpg,"""Lavender long-sleeved top with floral embroidery and denim jeans."""
01450_00.jpg,The dress is a cream-colored spaghetti strap top with lace trim and a brown leather skirt with button details.
01451_00.jpg,The dress is a white and gold striped short-sleeved top paired with blue jeans.
01452_00.jpg,"The dress is a black blouse with gold floral patterns, featuring ruffled sleeves and a keyhole neckline, paired with green leather pants."
01453_00.jpg,"The dress is a teal green short sleeve blouse with a V-neckline and a fitted silhouette, paired with light wash jeans."
01454_00.jpg,"The dress is a black, sparkly, long-sleeved top with a boat neckline and three-quarter sleeves."
01455_00.jpg,"The dress is a long-sleeved, heather gray top worn over blue jeans."
01456_00.jpg,"The dress is a coral pink short-sleeved blouse with a floral pattern featuring small black and white flowers, along with pink and purple butterfly illustrations."
01457_00.jpg,"The dress is a green V-neck T-shirt paired with beige and white striped pants, accessorized with a white bow at the waist."
01458_00.jpg,The dress is a green t-shirt paired with blue jeans and a black belt adorned with silver studs.
01459_00.jpg,The dress is a green long-sleeved top with a Converse logo on the collar and cream-colored high-waist pants.
01460_00.jpg,The dress is a white short-sleeved top with a subtle pattern and white pants.
01461_00.jpg,"""A black ribbed long-sleeved top with lace details at the neck and cuffs, paired with a red skirt."""
01462_00.jpg,"The dress is a black, long-sleeved, hooded top with pink buttons and blue jeans."
01464_00.jpg,"""The dress is a long-sleeved, olive-green top with a front zipper and a round neckline."""
01465_00.jpg,"The dress is a navy blue sleeveless top with lace detailing on the neckline and shoulders, paired with maroon faux leather pants."
01466_00.jpg,"The dress is a white, three-quarter sleeve top paired with pink striped pants."
01467_00.jpg,The dress is a white sleeveless top paired with high-waisted white pants.
01468_00.jpg,The dress is a black top paired with maroon pants featuring a tie waist.
01469_00.jpg,"The dress is a gray, short-sleeved top with a blue elephant logo on the chest and a red leather skirt."
01471_00.jpg,"The dress is a green, short-sleeved top with a knot detail at the front and gray pants."
01472_00.jpg,"The dress is a black T-shirt with white text that reads ""WAITING FOR FRIDAY"" and paired with white pinstripe pants."
01473_00.jpg,"The dress is a white short-sleeved top with a floral pattern on the front, paired with a light blue skirt featuring a similar floral print and a tie at the waist."
01475_00.jpg,"The dress is a black, short-sleeved top with a V-neckline and a sparkly texture."
01476_00.jpg,The dress is a maroon floral print hal tank top.
01477_00.jpg,The dress is a black long-sleeved top with a scoop neckline and white pants.
01478_00.jpg,The dress is a black long-sleeved top paired with black denim shorts and a black belt.
01479_00.jpg,"The dress is a short-sleeved, light pink, ribbed knit top with a round neckline and black leggings underneath."
01480_00.jpg,The dress is a white t-shirt with a colorful graphic and blue striped shorts with a tie waistband.
01481_00.jpg,The dress is a pink Guess T-shirt with a glittery logo on the front and white pants underneath.
01484_00.jpg,"The dress is a white, short-sleeved t-shirt with a scoop neckline and a Superdry logo on the left side of the chest."
01485_00.jpg,The dress is a yellow floral print top with a grey inner layer and white paper-bag pants.
01487_00.jpg,"The dress is a loose-fitting, dark blue T-shirt with short sleeves and a crew neckline."
01489_00.jpg,"The dress is a long-sleeved, patterned blouse in red and blue colors, paired with a teal skirt."
01490_00.jpg,The dress is an orange and white patterned top paired with light blue jeans.
01491_00.jpg,"The dress is a long-sleeved, pink Henley top with a buttoned front and a V-neckline."
01492_00.jpg,"The dress is a sleeveless white blouse with a pleated texture, paired with a navy blue skirt."
01494_00.jpg,The dress is a neon yellow crop top paired with white high-waisted jeans.
01495_00.jpg,The dress is a black ribbed long-sleeved top with a mock neck and fitted fit.
01496_00.jpg,The dress is a navy blue Levi's V-neck T-shirt with a small red logo on the left side of the chest and light blue jeans.
01497_00.jpg,"The dress is a green floral print blouse with ruffled sleeves and a square neckline, paired with blue jeans."
01498_00.jpg,The dress is a tan ribbed long-sleeved top with three buttons on the chest and white pants.
01499_00.jpg,The dress is a black V-neck t-shirt with a layered hemline and light blue jeans.
01501_00.jpg,"The dress is a pastel pink blouse with a mock neck and long sleeves, paired with matching pink corduroy pants."
01502_00.jpg,"A yellow long-sleeved T-shirt with ""FILA"" printed on it, paired with white pants."
01505_00.jpg,"The dress is a white blouse with black polka dots and ruffled sleeves, paired with blue jeans."
01506_00.jpg,The dress is a white floral print sleeveless top with ruffled tiers and navy shorts.
01507_00.jpg,"The dress is a long-sleeved, maroon-colored top with glittery accents and a V-neckline, paired with black leather pants."
01508_00.jpg,The dress is a white long-sleeved top with silver buttons and yellow high-waisted pants.
01510_00.jpg,The dress is a black off-shoulder crop top paired with black pinstripe pants.
01511_00.jpg,"The dress is a navy blue long-sleeved top with pleated cuffs and a V-neckline, paired with light blue jeans."
01512_00.jpg,"The dress is a long-sleeved, black V-neck top with a buttoned waistband and olive green pants."
01513_00.jpg,The dress is a black G-Star Raw tank top with rainbow trim and blue jeans.
01515_00.jpg,The dress is a bright pink T-shirt with a small logo on the left chest and white sweatpants with black stripes and silver zippers on the sides.
01516_00.jpg,"The dress is a black, long-sleeved top with a V-neckline and white pants."
01519_00.jpg,The dress is a white sleeveless crop top with a mock neck and green text on the left side.
01520_00.jpg,"The dress is a sleeveless top with a floral pattern featuring pink flowers, green leaves, and black outlines on a white background, paired with white pants."
01521_00.jpg,The dress is a black sleeveless top with a round neckline and a layered hemline.
01522_00.jpg,"The dress is a sleeveless, turquoise blue top with a round neckline and a side slit."
01523_00.jpg,"The dress is a sleeveless, dark green blouse with a V-neckline and a button at the front."
01524_00.jpg,"The dress is a long-sleeved, red blouse with a front tie and tucked-in jeans."
01525_00.jpg,The dress is a neon green long-sleeved top with black polka dots and light blue jeans.
01526_00.jpg,"The dress is a long-sleeved, snake-print top with a black satin skirt."
01529_00.jpg,"The dress is a black, short-sleeved t-shirt with a crew neckline and blue jeans."
01530_00.jpg,"The dress is a white T-shirt with a large green and black letter ""N"" on the front, paired with dark blue jeans."
01531_00.jpg,"The dress is a black, sleeveless top with a plunging neckline and thin straps, paired with white high-waisted pants."
01532_00.jpg,The dress is a white sleeveless top with a fitted cut and high-waisted blue jeans.
01533_00.jpg,The dress is a navy blue t-shirt with a small white logo on the left side of the chest and blue jeans.
01534_00.jpg,The dress is a black bodysuit with lace-up details and high-waisted black pants.
01535_00.jpg,"The dress is a navy blue, short-sleeved top with a round neckline and yellow pants."
01536_00.jpg,"The dress is a teal long-sleeved blouse with sheer sleeves and a silver embellished neckline, paired with high-waisted blue jeans."
01537_00.jpg,The dress is a navy blue short-sleeved top with a round neckline and a pair of buttons on the waistline.
01538_00.jpg,"""The dress is a maroon-colored sleeveless top with a layered skirt and an embellished neckline, paired with matching maroon pants."""
01539_00.jpg,The dress is a black sleeveless jumpsuit with silver pinstripes and a high neckline.
01540_00.jpg,The dress is a navy blue sleeveless top paired with light blue jeans and a black belt.
01541_00.jpg,The dress is an orange t-shirt paired with black pants.
01545_00.jpg,"The dress is a long-sleeved, blue, textured top with a fitted silhouette and a round neckline."
01546_00.jpg,The dress is a white off-shoulder top paired with a denim mini skirt featuring button details.
01547_00.jpg,The dress is a green Reebok long-sleeved top with black drawstring pants.
01548_00.jpg,"The dress is a sleeveless, white blouse with a mock neck and black pants underneath."
01549_00.jpg,The dress is a sleeveless red top with a high neckline and a pair of olive green pants secured with a gold belt.
