img,brand,sleeve,neckline,primary_color,secondary_color,casuality,fit,pants_color,hair_color
00000_00.jpg,Levi's,short sleeve,round neck,white,red,casual,tight fit,blue,brown
00001_00.jpg,Levi's,short sleeve,round neck,black,red,casual,tight fit,black,brown
00002_00.jpg,Unknown,long sleeve,round neck,black,unknown,casual,tight fit,black,blonde
00003_00.jpg,Unknown,short sleeve,round neck,blue,unknown,casual,tight fit,black,black
00005_00.jpg,Levi's,short sleeve,round neck,white,red,casual,Loose fit,red,blonde
00007_00.jpg,adidas,short sleeve,round neck,light purple,white,casual,Loose fit,purple,brown
00009_00.jpg,Puma,short sleeve,round neck,black,white,casual,Loose fit,black,black
00010_00.jpg,Calvin Klein,short sleeve,round neck,black,white,casual,Loose fit,black,blonde
00011_00.jpg,adidas,short sleeve,round neck,black,white,casual,tight fit,black,brown
00012_00.jpg,Obey,long sleeve,round neck,black,multicolored,casual,tight fit,blue,black
00014_00.jpg,Unknown,long sleeve,v-neck,black,Unknown,casual,tight fit,black,brown
00015_00.jpg,adidas,short sleeve,round neck,gray,white,casual,tight fit,blue,black
00016_00.jpg,Unknown,long sleeve,cowl neck,white,black,casual,tight fit,red,blonde
00018_00.jpg,Unknown,long sleeve,v-neck,black,black,casual,tight fit,black,blonde
00019_00.jpg,Calvin Klein,short sleeve,round neck,black,white,casual,tight fit,black,blonde
00022_00.jpg,Unknown,long sleeve,v-neck,unknown,unknown,casual,tight fit,black,black
00023_00.jpg,Unknown,long sleeve,v-neck,gray,gray,casual,tight fit,black,brown
00024_00.jpg,Unknown,short sleeve,v-neck,red,blue,casual,tight fit,white,brown
00025_00.jpg,Unknown,long sleeve,high-neck,gray,gray,casual,tight fit,black,black
00026_00.jpg,Adidas,Short Sleeve,Round Neck,Navy Blue,Light Blue,Casual,tight fit,blue,blonde
00028_00.jpg,Guess,long sleeve,round neck,white,red,casual,loose fit,black,blonde
00029_00.jpg,Levi's,short sleeve,round neck,black,pink,casual,tight fit,black,black
00030_00.jpg,adidas,short sleeve,round neck,blue,white,casual,tight fit,white,blonde
00031_00.jpg,adidas,long sleeve,round neck,red,white,casual,tight fit,red,black
00032_00.jpg,Unknown,long sleeve,v-neck,yellow,white,casual,Loose fit,blue,brown
00033_00.jpg,Unknown,long sleeve,v-neck,blue,purple,casual,loose fit,black,blonde
00036_00.jpg,Unknown,Three-quarter sleeve,Mandarin collar,Black,Unknown,Casual,tight fit,black,blonde
00038_00.jpg,Lee,short sleeve,round neck,black,red,casual,Loose fit,black,blonde
00040_00.jpg,Calvin Klein,short sleeve,round neck,white,gray,casual,tight fit,white,black
00041_00.jpg,Tommy Hilfiger,short sleeve,round neck,white,unknown,casual,tight fit,blue,blonde
00042_00.jpg,Unknown,short sleeve,round neck,beige,red,casual,loose fit,red,blonde
00043_00.jpg,Calvin Klein,short sleeve,round neck,pink,light pink,casual,Loose fit,Pink,Black
00044_00.jpg,adidas,short sleeve,round neck,purple,white,casual,tight fit,purple,brown
00045_00.jpg,Pepsi,short sleeve,round neck,white,blue,casual,Loose fit,blue,black
00046_00.jpg,Tommy Hilfiger,short sleeve,round neck,black,white,casual,tight fit,black,blonde
00047_00.jpg,Villa,long sleeve,boat neck,black,white,casual,tight fit,black,black
00048_00.jpg,Zalando,long sleeve,v-neck,white,white,casual,tight fit,blue,brown
00049_00.jpg,Champion,short sleeve,round neck,black,white,casual,Loose fit,pink,black
00050_00.jpg,Unknown,long sleeve,round neck,black,unknown,casual,tight fit,white,blonde
00051_00.jpg,Unknown,long sleeve,v-neck,white,unknown,casual,tight fit,beige,blonde
00052_00.jpg,Calvin Klein,short sleeve,round neck,white,black,casual,tight fit,white,blonde
00053_00.jpg,Tommy Hilfiger,short sleeve,round neck,navy blue,pink,casual,tight fit,blue,blonde
00054_00.jpg,Levi's,short sleeve,round neck,unknown,unknown,casual,Loose fit,red,blonde
00056_00.jpg,Champion,long sleeve,round neck,black,white,casual,tight fit,blue,blonde
00058_00.jpg,Unknown,long sleeve,boatneck,blue,white,casual,tight fit,blue,blonde
00059_00.jpg,Unknown,long sleeve,v-neck,pink,pink,casual,Loose fit,red,black
00061_00.jpg,Unknown,long sleeve,high-neck,white,Unknown,casual,tight fit,blue,black
00062_00.jpg,Polo Ralph Lauren,short sleeve,polo collar,black,white,casual,tight fit,black,brown
00065_00.jpg,Black,long sleeve,v-neck,black,unknown,casual,tight fit,blue,brown
00066_00.jpg,Adidas,Short Sleeve,Round Neck,Pink,Red,Casual,Loose fit,red,black
00068_00.jpg,Unknown,long sleeve,v-neck,white,gold,casual,tight fit,blue,blonde
00070_00.jpg,Guess,short sleeve,round neck,red,white,casual,Loose fit,red,black
00072_00.jpg,Unknown,long sleeve,cowl neck,maroon,black,casual,tight fit,black,black
00073_00.jpg,Guess,short sleeve,crew neck,white,pink,casual,tight fit,blue,black
00076_00.jpg,Fila,short sleeve,round neck,white,gray,casual,Loose fit,White,Black
00077_00.jpg,Unknown,short sleeve,v-neck,black,lace,casual,tight fit,black,brown
00078_00.jpg,DKNY,short sleeve,round neck,white,black,casual,tight fit,white,black
00079_00.jpg,Unknown,short sleeve,circle neckline,blue,pink,casual,tight fit,blue,black
00080_00.jpg,Unknown,long sleeve,boat neckline,dark blue,light blue,casual,tight fit,blue,brown
00082_00.jpg,Unknown,long sleeve,v-neck,black,unknown,casual,tight fit,black,brown
00083_00.jpg,Adidas,Short sleeve,Round neck,Yellow,Fluores,Casual,Loose fit,Yellow,Black
00085_00.jpg,Unknown,long sleeve,scoop neck,black,unknown,casual,tight fit,black,brown
00086_00.jpg,adidas,long sleeve,round neck,white,multicolored,casual,Loose fit,black,black
00087_00.jpg,Levi's,short sleeve,round neck,white,floral,casual,tight fit,blue,black
00088_00.jpg,Levi's,short sleeve,round neck,white,red,casual,tight fit,blue,brown
00089_00.jpg,Unknown,short sleeve,round neck,black,unknown,casual,tight fit,black,brown
00090_00.jpg,Unknown,short sleeve,v-neck,blue,unknown,casual,tight fit,black,brown
00091_00.jpg,Levi's,short sleeve,round neck,blue,red,casual,Loose fit,blue,black
00092_00.jpg,adidas,short sleeve,crew neck,white,black,casual,Loose fit,black,blonde
00093_00.jpg,Unknown,long sleeve,round neck,black,unknown,casual,tight fit,black,blonde
00098_00.jpg,Calvin Klein,short sleeve,round neck,white,white,casual,Loose fit,black,blonde
00099_00.jpg,Summer Vibes,short sleeve,v-neck,white,white,casual,loose fit,white,black
00100_00.jpg,Unknown,long sleeve,v-neck,blue,gray,casual,tight fit,white,blonde
00101_00.jpg,Unknown,sleeveless,v-neck,black,gray,casual,tight fit,green,black
00102_00.jpg,adidas,short sleeve,round neck,white,black,casual,tight fit,black,blonde
00103_00.jpg,Unknown,long sleeve,round neck,black,white,casual,loose fit,black,blonde
00104_00.jpg,Champion,long sleeve,mock neck,white,unknown,casual,tight fit,red,brown
00105_00.jpg,Zizzi,short sleeve,round neck,black,unknown,casual,tight fit,blue,blonde
00106_00.jpg,POLO,short sleeve,polo collar,black,red,casual,tight fit,black,brown
00107_00.jpg,Levi's,short sleeve,round neck,red,red,casual,tight fit,black,black
00109_00.jpg,Unknown,quarter-length sleeves,v-neck,pink,unknown,casual,tight fit,blue,blonde
00111_00.jpg,Unknown,long sleeve,v-neck,gray,white,casual,tight fit,blue,blonde
00113_00.jpg,Unknown,short sleeve,circle neckline,beige,gray,casual,tight fit,blue,blonde
00114_00.jpg,Unknown,long sleeve,high-neck,black,zebra_pattern,casual,tight fit,black,brown
00115_00.jpg,Unknown,short sleeve,round neck,white,yellow,casual,tight fit,white,blonde
00117_00.jpg,Unknown,long sleeve,round neck,white,multicolored,casual,Loose fit,black,blonde
00118_00.jpg,Unknown,short sleeve,v-neck,white,white,casual,tight fit,blue,brown
00119_00.jpg,Unknown,short sleeve,v-neck,white,unknown,casual,tight fit,black,black
00120_00.jpg,Pier One,short sleeve,circle neck,white,white,casual,tight fit,black,brown
00122_00.jpg,Unknown,short sleeve,v-neck,black,purple,party,tight fit,blue,black
00123_00.jpg,Unknown,long sleeve,round neck,black,pink,casual,tight fit,red,black
00124_00.jpg,Michael Kors,short sleeve,crew neck,white,black,casual,Loose fit,black,brown
00125_00.jpg,Adidas,Short sleeve,Round neck,Blue,Pink,Casual,tight fit,black,red
00128_00.jpg,Lacoste,long sleeve,crew neck,white,unknown,casual,tight fit,pink,black
00129_00.jpg,Calvin Klein,short sleeve,round neck,red,white,casual,tight fit,white,blonde
00130_00.jpg,Givenchy,long sleeve,v-neck,black,white,casual,tight fit,black,brown
00131_00.jpg,Unknown,long sleeve,high-neck,green,gray,casual,tight fit,black,brown
00132_00.jpg,Unknown,short sleeve,round neck,yellow,unknown,casual,tight fit,yellow,brown
00133_00.jpg,Unknown,short sleeve,round neck,white,yellow,casual,tight fit,yellow,blonde
00134_00.jpg,Desigual,long sleeve,boat neck,green,pink,casual,tight fit,black,black
00136_00.jpg,Calvin Klein,short sleeve,round neck,white,red,casual,Loose fit,red,black
00137_00.jpg,BIOMI,short sleeve,high neck,white,unknown,casual,tight fit,blue,blonde
00139_00.jpg,EA7,long sleeve,round neck,white,unknown,casual,tight fit,blue,blonde
00140_00.jpg,Levi's,short sleeve,round neck,white,red,casual,tight fit,blue,blonde
00143_00.jpg,Guess,short sleeve,round neck,green,pink,casual,tight fit,green,black
00144_00.jpg,Champion,long sleeve,hooded,white,blue,casual,tight fit,blue,blonde
00146_00.jpg,Unknown,long sleeve,cowl neck,gray,red,casual,Loose fit,black,brown
00147_00.jpg,Unknown,long sleeve,square neckline,black,unknown,casual,tight fit,black,blonde
00148_00.jpg,Adidas,Short Sleeve,Round Neck,Mint Green,Green,Casual,tight fit,green,blonde
00150_00.jpg,Hollister,short sleeve,polo neck,navy blue,white,casual,tight fit,blue,blonde
00153_00.jpg,PIEK.ONE,Short sleeve,Round neck,Black,Yellow,Unknown,tight fit,black,brown
00154_00.jpg,SNO,long sleeve,high neck,black,white,casual,tight fit,black,pink
00155_00.jpg,Unknown,short sleeve,v-neck,black,pink,casual,tight fit,black,brown
00156_00.jpg,Unknown,sleeveless,v-neck,black,unknown,casual,tight fit,black,black
00157_00.jpg,EA7,short sleeve,round neck,black,pink,casual,tight fit,black,brown
00159_00.jpg,Levi's,long sleeve,round neck,gray,white,casual,tight fit,gray,black
00161_00.jpg,Unknown,short sleeve,round neck,green,green,casual,loose fit,green,blonde
00162_00.jpg,Unknown,Long sleeve,Scoop neck,Navy blue,Unknown,Casual,tight fit,white,blonde
00163_00.jpg,Adidas,Short sleeve,Round neck,Red,White,Casual,Loose fit,red,black
00164_00.jpg,Calvin Klein,long sleeve,crew neck,pink,light pink,casual,loose fit,pink,blonde
00165_00.jpg,Unknown,short sleeve,polo collar,black,red,casual,tight fit,blue,blonde
00166_00.jpg,Unknown,long sleeve,high-neck,white,black,casual,Loose fit,black,brown
00167_00.jpg,Unknown,long sleeve,boat neck,navy blue,unknown,casual,tight fit,brown,black
00168_00.jpg,adidas,short sleeve,round neck,black,white,casual,tight fit,black,brown
00169_00.jpg,Polo Sport,short sleeve,round neck,navy blue,yellow,casual,tight fit,blue,brown
00170_00.jpg,Unknown,short sleeve,v-neck,navy blue,white,casual,tight fit,blue,brown
00171_00.jpg,Unknown,Three-quarter sleeve,Boat neckline,Pale pink,Pale pink,Casual,tight fit,pink,blonde
00172_00.jpg,Carhartt,short sleeve,round neck,black,white,casual,tight fit,black,blonde
00173_00.jpg,J.Crew,long sleeve,scoop neck,black,unknown,casual,tight fit,black,brown
00174_00.jpg,Nike,long sleeve,cowl-neck,pink,pink,casual,tight fit,red,brown
00175_00.jpg,J.Crew,short sleeve,round neck,pale pink,light pink,casual,Loose fit,red,black
00179_00.jpg,Unknown,short sleeve,scoop neck,black,white,casual,tight fit,olive green,blonde
00180_00.jpg,Tommy Sport,sleeveless,round neck,navy blue,red,casual,tight fit,red,black
00181_00.jpg,Unknown,short sleeve,circle neckline,black,red,casual,tight fit,black,blonde
00182_00.jpg,Opus,short sleeve,round neck,brown,brown,casual,tight fit,brown,brown
00183_00.jpg,Mercerized,short sleeve,round neck,white,white,casual,tight fit,black,brown
00184_00.jpg,Unknown,short sleeve,circle neckline,black,gray,casual,tight fit,gray,black
00185_00.jpg,Fiorucci,short sleeve,round neck,white,black,casual,tight fit,black,brown
00186_00.jpg,Carhartt,short sleeve,round neck,yellow,yellow,casual,loose fit,blue,black
00187_00.jpg,Unknown,long sleeve,high-neck,red,unknown,casual,tight fit,black,brown
00188_00.jpg,Unknown,long sleeve,v-neck,black,yellow,unknown,loose fit,pink,blonde
00189_00.jpg,Unknown,long sleeve,v-neck,black,unknown,casual,tight fit,black,blonde
00192_00.jpg,Unknown,short sleeve,cowl neck,white,yellow,unknown,Loose fit,black,blonde
00193_00.jpg,Unknown,long sleeve,boat neck,black,Unknown,casual,tight fit,black,blonde
00194_00.jpg,Unknown,short sleeve,v-neck,olive,olive,casual,tight fit,red,brown
00195_00.jpg,Unknown,long sleeve,scoop neck,dark blue,black,casual,tight fit,red,blonde
00196_00.jpg,Unknown,long sleeve,boat neck,black,unknown,casual,tight fit,black,blonde
00197_00.jpg,SStarLine,short sleeve,v-neck,black,beige,casual,Loose fit,black,black
00199_00.jpg,Unknown,short sleeve,round neck,white,white,casual,loose fit,black,blonde
00200_00.jpg,Versace Jeans Couture,short sleeve,round neck,white,gold,casual,Loose fit,white,black
00201_00.jpg,Polo Ralph Lauren,short sleeve,round neck,coral,green,casual,tight fit,blue,blonde
00202_00.jpg,Unknown,long sleeve,v-neck,black,lace,casual,tight fit,black,blonde
00203_00.jpg,Polo,short sleeve,crew neck,white,red,casual,tight fit,blue,blonde
00204_00.jpg,Black,long sleeve,boat neckline,black,silver,casual,tight fit,white,brown
00209_00.jpg,Gap,short sleeve,round neck,red,white,casual,tight fit,white,blonde
00210_00.jpg,Forever New,long sleeve,v-neck,black,unknown,casual,tight fit,black,brown
00211_00.jpg,ONLY,long sleeve,crew neck,white,unknown,casual,tight fit,black,brown
00212_00.jpg,Aware,Short sleeve,Round neck,Black,Unknown,Casual,tight fit,black,brown
00213_00.jpg,NEW LOOK,long sleeve,v-neck,pink,pale pink,casual,Loose fit,black,blonde
00214_00.jpg,Levi's,short sleeve,round neck,black,pink,casual,Loose fit,black,brown
00215_00.jpg,Hollister,short sleeve,round neck,navy blue,white,casual,tight fit,white,blonde
00216_00.jpg,Unknown,short sleeve,round neck,gray,unknown,informal,tight fit,black,black
00217_00.jpg,Tommy Hilfiger,short sleeve,round neck,white,black,casual,tight fit,blue,blonde
00218_00.jpg,Unknown,short sleeve,mock neck,white,white,casual,tight fit,blue,brown
00219_00.jpg,Unknown,short sleeve,circle neckline,green,pink,casual,Loose fit,pink,black
00220_00.jpg,Unknown,short sleeve,round neck,green,green,casual,tight fit,black,blonde
00221_00.jpg,adidas,short sleeve,round neck,light purple,white,casual,tight fit,gray,blonde
00222_00.jpg,Levi's,short sleeve,circle neck,white,pink,casual,tight fit,blue,black
00224_00.jpg,Esprit,long sleeve,v-neck,white,white,casual,tight fit,black,brown
00225_00.jpg,MISSGUIDED,long sleeve,v-neck,pink,pink,casual,tight fit,blue,blonde
00226_00.jpg,Unknown,long sleeve,round neck,black,pink,casual,tight fit,white,brown
00227_00.jpg,Tommy Hilfiger,long sleeve,crew neck,pink,white,casual,Loose fit,Pink,Black
00229_00.jpg,Unknown,long sleeve,scoop neck,white,white,casual,tight fit,blue,brown
00230_00.jpg,Unknown,short sleeve,round neck,brown,brown,casual,tight fit,blue,blonde
00231_00.jpg,Black,long sleeve,v-neck,black,unknown,casual,tight fit,black,blonde
00232_00.jpg,Tommy Hilfiger,short sleeve,round neck,blue,red,casual,tight fit,blue,blonde
00233_00.jpg,Under Armour,short sleeve,crew neck,black,pink,athletic,tight fit,orange,black
00234_00.jpg,Unknown,long sleeve,v-neck,unknown,unknown,casual,tight fit,multi-colored,brown
00235_00.jpg,Unknown,long sleeve,v-neck,yellow,yellow,casual,tight fit,yellow,blonde
00236_00.jpg,Abercrombie,long sleeve,round neck,white,white,casual,loose fit,blue,blonde
00238_00.jpg,Under Armour,short sleeve,round neck,purple,unknown,casual,tight fit,gray,black
00239_00.jpg,Unknown,long sleeve,turtleneck,burgundy,red,casual,tight fit,red,black
00240_00.jpg,Unknown,long sleeve,v-neck,purple,unknown,casual,tight fit,black,brown
00241_00.jpg,Under Armour,short sleeve,scoop neck,white,green,casual,tight fit,red,blonde
00242_00.jpg,Versace Jeans Couture,short sleeve,crew neck,white,black,casual,Loose fit,black,black
00243_00.jpg,Unknown,long sleeve,cowl neck,black,unknown,casual,tight fit,black,brown
00244_00.jpg,selected,short sleeve,v-neck,black,unknown,casual,loose fit,black,blonde
00245_00.jpg,KIOMI,Three-quarter sleeve,Scoop neck,Red,White,Casual,tight fit,white,black
00246_00.jpg,Unknown,long sleeve,turtleneck,brown,unknown,casual,tight fit,black,brown
00247_00.jpg,Vans,short sleeve,round neck,maroon,unknown,casual,tight fit,white,blonde
00248_00.jpg,Unknown,long sleeve,round neck,black,lace,casual,tight fit,black,brown
00250_00.jpg,Karl Lagerfeld,short sleeve,circle neck,white,black,casual,tight fit,black,brown
00251_00.jpg,Puma,long sleeve,round neck,pink,unknown,casual,tight fit,black,brown
00252_00.jpg,Unknown,long sleeve,high-neck,black,blue,casual,tight fit,black,blonde
00253_00.jpg,Calvin Klein,long sleeve,round neck,black,pink,casual,tight fit,black,brown
00255_00.jpg,Levi's,short sleeve,round neck,white,white,casual,Loose fit,white,black
00256_00.jpg,Unknown,short sleeve,round neck,black,black,casual,tight fit,blue,black
00257_00.jpg,Unknown,short sleeve,round neck,white,blue,casual,tight fit,white,brown
00258_00.jpg,Unknown,short sleeve,v-neck,blue,gray,casual,tight fit,blue,black
00263_00.jpg,Unknown,short sleeve,off-shoulder,black,gray,casual,tight fit,black,brown
00264_00.jpg,Unknown,long sleeve,boat neck,black,unknown,casual,tight fit,black,brown
00266_00.jpg,Unknown,short sleeve,high collar,black,multicolored,casual,tight fit,black,black
00267_00.jpg,Morgan,Unknown,Round Neck,Black,Silver,Casual,tight fit,blue,brown
00269_00.jpg,Unknown,long sleeve,turtleneck,pale blue,pink polka dots,casual,loose fit,black,brown
00270_00.jpg,Unknown,long sleeve,boat neck,white,white,casual,tight fit,blue,black
00271_00.jpg,Adidas,Short Sleeve,Round Neck,Black,Floral,Casual,Loose fit,black,brown
00275_00.jpg,Polo Ralph Lauren,short sleeve,polo collar,blue,gold,casual,loose fit,black,blonde
00276_00.jpg,Lauren,long sleeve,boat neckline,black,unknown,casual,tight fit,black,brown
00279_00.jpg,Hugo Boss,long sleeve,cowl neck,black,red,casual,loose fit,white,black
00280_00.jpg,Unknown,short sleeve,round neck,white,green,casual,tight fit,blue,black
00281_00.jpg,Unknown,short sleeve,round neck,gray,white,casual,tight fit,black,brown
00282_00.jpg,Unknown,long sleeve,asymmetrical neckline,white,red,casual,Loose fit,red,black
00283_00.jpg,Unknown,short sleeve,cowl neck,black,gray,casual,tight fit,black,brown
00284_00.jpg,Jardas,long sleeve,crew neck,white,pink,casual,tight fit,beige,black
00285_00.jpg,Unknown,short sleeve,round neck,gray,white,casual,tight fit,gray,black
00288_00.jpg,Unknown,short sleeve,circle neck,white,pink,casual,tight fit,beige,black
00289_00.jpg,H&M,long sleeve,round neck,black,brown,casual,tight fit,beige,brown
00292_00.jpg,Guess,long sleeve,round neck,gray,blue,casual,tight fit,blue,blonde
00293_00.jpg,Unknown,long sleeve,cowl neck,yellow,green,unknown,tight fit,multi-colored,black
00294_00.jpg,Unknown,long sleeve,v-neck,pink,white,casual,Loose fit,beige,black
00296_00.jpg,KIOMI,Short sleeve,Scoop neck,Blue,Unknown,casual,tight fit,blue,brown
00298_00.jpg,Unknown,short sleeve,v-neck,black,brown,casual,tight fit,white,black
00299_00.jpg,Unknown,short sleeve,boat neck,white,white,casual,tight fit,blue,brown
00300_00.jpg,LUNARROSE,long sleeve,v-neck,black,unknown,casual,tight fit,black,brown
00301_00.jpg,Unknown,short sleeve,round neck,white,orange,casual,tight fit,white,black
00303_00.jpg,Gap,short sleeve,scoop neck,white,yellow,casual,tight fit,black,brown
00304_00.jpg,Unknown,long sleeve,round neck,black,pink,casual,tight fit,blue,brown
00305_00.jpg,Black,short sleeve,round neck,black,unknown,casual,tight fit,black,black
00306_00.jpg,Unknown,long sleeve,turtleneck,green,unknown,casual,tight fit,green,black
00307_00.jpg,Unknown,long sleeve,v-neck,teal,green,casual,tight fit,green,black
00308_00.jpg,Unknown,short sleeve,round neck,black,unknown,casual,tight fit,black,brown
00309_00.jpg,Nike,short sleeve,round neck,black,white,casual,tight fit,black,brown
00310_00.jpg,Unknown,long sleeve,cowl neck,gray,black,casual,Loose fit,black,black
00313_00.jpg,Off-shoulder,Long sleeve,Off-the-shoulder,Black,Lace,Casual,tight fit,blue,brown
00314_00.jpg,Stella McCartney,long sleeve,round neck,black,unknown,casual,tight fit,black,blonde
00315_00.jpg,Polo Ralph Lauren,short sleeve,round neck,dark blue,white,casual,tight fit,white,blonde
00316_00.jpg,Unknown,Three-quarter sleeve,Round neck,Blue,Unknown,Casual,tight fit,black,blonde
00317_00.jpg,Unknown,long sleeve,v-neck,black,green,casual,tight fit,white,black
00318_00.jpg,Columbia,Short sleeve,Round neck,Black,Unknown,Casual,loose fit,black,blonde
00319_00.jpg,Sikane,short sleeve,round neck,white,gray,casual,tight fit,beige,blonde
00320_00.jpg,Desigual,short sleeve,round neck,blue,black,casual,tight fit,blue,red
00321_00.jpg,Esprit,short sleeve,round neck,green,pink,casual,tight fit,beige,blonde
00322_00.jpg,Unknown,short sleeve,v-neck,black,unknown,casual,tight fit,black,black
00323_00.jpg,Pepe,long sleeve,round neck,green,white,casual,tight fit,blue,blonde
00324_00.jpg,Fila,short sleeve,round neck,white,blue,casual,tight fit,black,brown
00325_00.jpg,Converse,long sleeve,circle neckline,pink,unknown,casual,Loose fit,red,black
00327_00.jpg,Unknown,long sleeve,round neck,navy blue,black,casual,tight fit,black,brown
00328_00.jpg,The North Face,short sleeve,round neck,black,white,casual,tight fit,black,blonde
00329_00.jpg,Unknown,long sleeve,v-neck,white,unknown,casual,tight fit,brown,black
00331_00.jpg,Unknown,short sleeve,circle neck,white,pink,summer,tight fit,blue,black
00332_00.jpg,Unknown,short sleeve,circle neckline,orange,white,casual,tight fit,blue,black
00334_00.jpg,Unknown,long sleeve,boat neck,navy,yellow,casual,tight fit,black,red
00335_00.jpg,MSGD,Short sleeve,V-neck,White,Orange,Casual,tight fit,white,black
00336_00.jpg,Unknown,short sleeve,v-neck,black,silver,casual,tight fit,black,black
00337_00.jpg,Puma,short sleeve,round neck,black,orange,casual,Loose fit,black,pink
00338_00.jpg,Levi's,short sleeve,round neck,green,green,casual,tight fit,green,black
00340_00.jpg,KOMI,Short sleeve,Round neck,Blue,Unknown,Casual,tight fit,blue,black
00341_00.jpg,Unknown,long sleeve,boat neck,pink,unknown,casual,tight fit,green,black
00342_00.jpg,OBJECT,long sleeve,polo collar,olive green,unknown,casual,tight fit,green,brown
00343_00.jpg,Polo Ralph Lauren,Short sleeve,Round neck,Green,Unknown,Casual,loose fit,green,blonde
00344_00.jpg,Unknown,Short Sleeve,Scoop Neck,Orange,Brown,Casual,tight fit,blue,blonde
00346_00.jpg,Unknown,short sleeve,round neck,black,unknown,casual,tight fit,black,black
00347_00.jpg,Unknown,short sleeve,v-neck,navy blue,multicolored,casual,tight fit,blue,brown
00350_00.jpg,OYSHO,long sleeve,V-neck,white,unknown,casual,tight fit,beige,black
00351_00.jpg,Unknown,long sleeve,boatneck,white,blue,casual,Loose fit,red,blonde
00352_00.jpg,MONKI,long sleeve,square neck,black,unknown,casual,tight fit,black,black
00354_00.jpg,Unknown,short sleeve,round neck,brown,brown,casual,loose fit,black,blonde
00355_00.jpg,Nike,long sleeve,crew neck,black,white,casual,tight fit,black,blonde
00356_00.jpg,Nike,sleeveless,round neck,red,gold,casual,tight fit,black,black
00357_00.jpg,Unknown,long sleeve,v-neck,yellow,yellow,casual,tight fit,yellow,black
00358_00.jpg,Unknown,short sleeve,round neck,black,pink,casual,tight fit,blue,blonde
00359_00.jpg,Benetton,short sleeve,round neck,light blue,light blue,casual,Loose fit,blue,black
00360_00.jpg,Unknown,long sleeve,turtleneck,gray,gray,casual,tight fit,beige,brown
00361_00.jpg,adidas,short sleeve,round neck,maroon,black,casual,tight fit,red,brown
00362_00.jpg,Unknown,long sleeve,v-neck,black,Unknown,casual,tight fit,black,black
00363_00.jpg,Unknown,long sleeve,cowl neck,gray,black,casual,tight fit,black,brown
00364_00.jpg,Unknown,Short sleeve,Scoop neck,Black,Lace,Casual,tight fit,black,brown
00365_00.jpg,Puma,short sleeve,round neck,light blue,pink,casual,tight fit,black,blonde
00366_00.jpg,Levi's,short sleeve,round neck,pink,pink,casual,Loose fit,pink,black
00367_00.jpg,Levi's,short sleeve,round neck,pink,purple,casual,Loose fit,red,black
00368_00.jpg,Guess,long sleeve,v-neck,blue,unknown,casual,tight fit,blue,blonde
00369_00.jpg,Unknown,long sleeve,v-neck,white,unknown,casual,tight fit,black,brown
00370_00.jpg,Unknown,long sleeve,high-neck,blue,black,casual,tight fit,white,brown
00371_00.jpg,Unknown,short sleeve,cowl neck,black,white,casual,tight fit,black,brown
00372_00.jpg,Puma,short sleeve,round neck,black,white,casual,tight fit,black,brown
00374_00.jpg,Levi's,short sleeve,round neck,white,pink,casual,tight fit,blue,brown
00375_00.jpg,EvenOdd Odd,short sleeve,scoop neck,white,pink,casual,tight fit,white,brown
00377_00.jpg,Not Provided,short sleeve,circle neck,white,gray,casual,tight fit,blue,black
00378_00.jpg,Unknown,short sleeve,circle neck,white,yellow,lemonade,tight fit,black,black
00379_00.jpg,Unknown,short sleeve,round neck,black,white,casual,tight fit,white,blonde
00380_00.jpg,Superdry,short sleeve,circle neck,light green,light green,casual,Loose fit,green,blonde
00381_00.jpg,Vivienne Westwood,long sleeve,V-neck,gray,black,casual,tight fit,blue,blonde
00382_00.jpg,Unknown,long sleeve,v-neck,yellow,black,casual,tight fit,white,blonde
00383_00.jpg,MSCH,Short sleeve,Round neck,Black,Unknown,Casual,tight fit,black,brown
00384_00.jpg,Unknown,long sleeve,v-neck,black,pink,casual,tight fit,white,blonde
00385_00.jpg,Unknown,short sleeve,round neck,black,white,casual,Loose fit,black,blonde
00386_00.jpg,Unknown,short sleeve,v-neck,black,lace,casual,tight fit,black,blonde
00387_00.jpg,Unknown,long sleeve,high-neck,black,unknown,casual,tight fit,black,blonde
00388_00.jpg,Unknown,short sleeve,circle neckline,white,pink,casual,tight fit,beige,brown
00389_00.jpg,Unknown,long sleeve,t-neck,black,purple,casual,tight fit,blue,blonde
00390_00.jpg,Gap,short sleeve,scoop neck,white,unknown,casual,Loose fit,white,blonde
00391_00.jpg,Unknown,short sleeve,cowl neck,white,red,unknown,tight fit,black,blonde
00392_00.jpg,Unknown,long sleeve,high-neck,green,unknown,casual,tight fit,green,blonde
00393_00.jpg,Marc O'Polo,short sleeve,v-neck,white,black,casual,tight fit,blue,brown
00394_00.jpg,Unknown,short sleeve,circle neckline,white,yellow,casual,tight fit,blue,black
00398_00.jpg,Unknown,long sleeve,V-neck,brown,unknown,casual,tight fit,black,blonde
00399_00.jpg,Karl Lagerfeld,short sleeve,circle neck,black,white,casual,tight fit,black,blonde
00402_00.jpg,Unknown,long sleeve,round neck,black,dark green,casual,tight fit,green,brown
00403_00.jpg,Zizzi,short sleeve,scoop neck,coral,pink,casual,Loose fit,red,black
00404_00.jpg,Polo Ralph Lauren,short sleeve,polo collar,light purple,orange,casual,tight fit,white,black
00405_00.jpg,Umbro,long sleeve,crew neck,white,blue,athletic,Loose fit,red,black
00406_00.jpg,Tommy Hilfiger,short sleeve,round neck,gray,unknown,casual,loose fit,black,blonde
00407_00.jpg,Unknown,short sleeve,round neck,gray,green,casual,tight fit,white,black
00408_00.jpg,Unknown,long sleeve,circle neckline,red,unknown,casual,tight fit,red,blonde
00409_00.jpg,Unknown,long sleeve,v-neck,red,unknown,casual,tight fit,blue,blonde
00410_00.jpg,Unknown,long sleeve,turtleneck,black,white,casual,tight fit,tan,black
00411_00.jpg,Polo,short sleeve,round neck,pink,blue,casual,Loose fit,red,black
00412_00.jpg,Unknown,short sleeve,high neck,gray,purple,casual,tight fit,black,black
00413_00.jpg,Unknown,short sleeve,cowl neck,white,black,casual,tight fit,blue,blonde
00414_00.jpg,Unknown,short sleeve,round neck,white,unknown,casual,tight fit,white,black
00415_00.jpg,Fila,long sleeve,boat neck,black,red,casual,tight fit,black,black
00416_00.jpg,Unknown,long sleeve,round neck,black,unknown,casual,tight fit,black,brown
00417_00.jpg,Aware,short sleeve,round neck,green,green,casual,Loose fit,Olive green,Brown
00418_00.jpg,Unknown,long sleeve,v-neck,black,unknown,casual,tight fit,black,brown
00419_00.jpg,Levi's,short sleeve,round neck,black,multicolored,casual,Loose fit,black,black
00420_00.jpg,Unknown,short sleeve,round neck,blue,unknown,casual,tight fit,black,brown
00421_00.jpg,Unknown,short sleeve,v-neck,blue,blue,casual,tight fit,blue,black
00423_00.jpg,Unknown,short sleeve,round neck,black,white,casual,tight fit,white,brown
00424_00.jpg,Gap,sleeveless,scoop neck,white,unknown,casual,tight fit,red,black
00425_00.jpg,Ragged Jeans,Long Sleeve,RoundNeck,Black,Red,Formal,tight fit,black,blonde
00426_00.jpg,Tommy Jeans,short sleeve,v-neck,blue,red,casual,tight fit,blue,brown
00427_00.jpg,Unknown,long sleeve,boat neckline,black,white,casual,tight fit,black,brown
00429_00.jpg,Levi's,long sleeve,round neck,black,red,casual,tight fit,orange,blonde
00431_00.jpg,Unknown,short sleeve,round neck,pink,white,casual,Loose fit,pink,black
00432_00.jpg,Unknown,long sleeve,high-neck,black,yellow,casual,tight fit,yellow,brown
00433_00.jpg,Levi's,short sleeve,round neck,white,pink,casual,Loose fit,blue,black
00434_00.jpg,Unknown,short sleeve,round neck,gray,multicolored,casual,loose fit,blue,blonde
00435_00.jpg,Polo,short sleeve,round neck,black,gold,casual,tight fit,red,black
00436_00.jpg,MISSCHIERER,long sleeve,turtleneck,gray,gray,casual,tight fit,black,black
00437_00.jpg,Fila,short sleeve,crew neck,white,red,casual,Loose fit,red,black
00438_00.jpg,Unknown,short sleeve,high neck,white,pink,casual,tight fit,pink,black
00439_00.jpg,Unknown,short sleeve,cowl neck,yellow,unknown,casual,tight fit,yellow,black
00441_00.jpg,Unknown,long sleeve,round neck,black,gray,casual,tight fit,black,black
00442_00.jpg,Unknown,long sleeve,v-neck,black,red,casual,tight fit,blue,black
00443_00.jpg,Unknown,short sleeve,v-neck,pink,yellow,casual,tight fit,black,brown
00444_00.jpg,Even,short sleeve,round neck,black,unknown,casual,tight fit,black,blonde
00445_00.jpg,Unknown,long sleeve,scoop neck,red,black,casual,tight fit,red,black
00446_00.jpg,Unknown,short sleeve,round neck,white,green,casual,Loose fit,black,black
00447_00.jpg,Unknown,long sleeve,v-neck,black,Unknown,casual,tight fit,black,brown
00449_00.jpg,Levi's,short sleeve,round neck,black,pink,casual,tight fit,black,blonde
00450_00.jpg,Ananas Republic,Short sleeve,V-neck,Black,White,Casual,tight fit,red,blonde
00451_00.jpg,Unknown,short sleeve,v-neck,pink,red,casual,tight fit,red,black
00452_00.jpg,Unknown,long sleeve,v-neck,gray,gray,casual,tight fit,gray,black
00453_00.jpg,Under Armour,sleeveless,round neck,light pink,orange,casual,Loose fit,pink,blonde
00454_00.jpg,Unknown,short sleeve,crew neck,white,silver,casual,tight fit,red,brown
00455_00.jpg,Unknown,long sleeve,collar,red,black,casual,tight fit,black,brown
00456_00.jpg,Unknown,short sleeve,round neck,white,rainbow,casual,Loose fit,blue,brown
00457_00.jpg,Unknown,long sleeve,turtleneck,black,unknown,casual,tight fit,black,blonde
00459_00.jpg,Unknown,short sleeve,circle neck,pink,gray,casual,loose fit,blue,black
00461_00.jpg,Nike,short sleeve,round neck,purple,green,casual,tight fit,white,blonde
00464_00.jpg,Esprit,short sleeve,round neck,black,silver,casual,tight fit,black,black
00465_00.jpg,Unknown,long sleeve,turtleneck,black,Unknown,casual,tight fit,black,blonde
00467_00.jpg,Unknown,long sleeve,v-neck,white,pink,casual,tight fit,black,black
00469_00.jpg,Unknown,long sleeve,v-neck,black,pink,casual,tight fit,white,blonde
00471_00.jpg,Raffa,long sleeve,v-neck,yellow,beige,casual,tight fit,black,blonde
00472_00.jpg,Organic Cotton,Unknown,Scoop Neck,White,Grey,Casual,tight fit,blue,brown
00473_00.jpg,Unknown,short sleeve,turtleneck,navy,unknown,informal,tight fit,black,brown
00476_00.jpg,Unknown,short sleeve,square neck,black,brown,casual,tight fit,black,black
00477_00.jpg,Unknown,long sleeve,v-neck,black,gray,casual,tight fit,blue,blonde
00478_00.jpg,Xiomii,short sleeve,round neck,white,unknown,casual,loose fit,white,black
00479_00.jpg,Unknown,short sleeve,v-neck,black,unknown,casual,tight fit,black,blonde
00480_00.jpg,Unknown,short sleeve,v-neck,white,gray,casual,tight fit,black,brown
00481_00.jpg,Unknown,short sleeve,round neck,white,black,casual,tight fit,black,brown
00483_00.jpg,Anna Field,sleeveless,cowl neckline,red,unknown,casual,tight fit,pink,black
00485_00.jpg,Unknown,short sleeve,round neck,black,pink,casual,tight fit,beige,brown
00486_00.jpg,Unknown,short sleeve,round neck,blue,unknown,casual,tight fit,blue,brown
00488_00.jpg,Unknown,long sleeve,crew neck,navy blue,navy blue,casual,tight fit,blue,black
00489_00.jpg,Unknown,short sleeve,round neck,black,camouflage,casual,Loose fit,Black,Blonde
00490_00.jpg,Unknown,short sleeve,round neck,black,unknown,casual,tight fit,black,blonde
00491_00.jpg,Unknown,short sleeve,round neck,leopard print,brown,casual,Loose fit,black,black
00492_00.jpg,Unknown,short sleeve,v-neck,pink,white,casual,tight fit,blue,brown
00493_00.jpg,Unknown,long sleeve,boat neck,dark blue,white,casual,tight fit,black,black
00495_00.jpg,Unknown,short sleeve,round neck,black,black,casual,tight fit,black,blonde
00497_00.jpg,Unknown,long sleeve,square neck,black,white,casual,tight fit,black,black
00498_00.jpg,Unknown,short sleeve,circle neckline,white,red,casual,tight fit,black,brown
00500_00.jpg,Unknown,long sleeve,v-neck,yellow,pink,casual,Loose fit,yellow,brown
00501_00.jpg,Unknown,short sleeve,round neck,light blue,white,casual,loose fit,blue,brown
00505_00.jpg,Polo Sport,short sleeve,round neck,yellow,blue,casual,tight fit,black,black
00506_00.jpg,Unknown,long sleeve,crew neck,yellow,unknown,casual,tight fit,black,brown
00507_00.jpg,Pepe Jeans,short sleeve,round neck,black,white,casual,loose fit,black,blonde
00508_00.jpg,Unknown,short sleeve,round neck,green,blue,casual,Loose fit,green,blonde
00510_00.jpg,Polo Ralph Lauren,long sleeve,round neck,black,white,casual,tight fit,black,blonde
00511_00.jpg,ONLY,long sleeve,round neck,black,white,casual,tight fit,black,brown
00512_00.jpg,Unknown,long sleeve,cowl neck,blue,green,casual,tight fit,blue,red
00513_00.jpg,Cream,short sleeve,round neck,white,gold,casual,tight fit,black,blonde
00514_00.jpg,Vans,long sleeve,raglan neckline,black,white,casual,tight fit,blue,black
00515_00.jpg,Unknown,short sleeve,boat neck,black,multicolored,casual,Loose fit,black,brown
00517_00.jpg,Unknown,short sleeve,v-neck,black,Unknown,casual,tight fit,black,brown
00519_00.jpg,Unknown,short sleeve,v-neck,black,unknown,casual,tight fit,black,black
00522_00.jpg,Unknown,long sleeve,v-neck,black,unknown,casual,tight fit,black,black
00523_00.jpg,Unknown,long sleeve,boat neck,dark blue,unknown,casual,tight fit,pink,brown
00524_00.jpg,Calvin Klein,short sleeve,crew neck,white,yellow,casual,tight fit,black,black
00526_00.jpg,Unknown,short sleeve,V-neck,black,black,informal,tight fit,black,black
00527_00.jpg,Zalando,short sleeve,polo collar,white,unknown,casual,tight fit,white,blonde
00528_00.jpg,Nike,long sleeve,crew neck,yellow,snake skin pattern,casual,tight fit,yellow,brown
00529_00.jpg,Adidas,Short Sleeve,Round Neck,Yellow,Unknown,Casual,Loose fit,Yellow,Black
00530_00.jpg,Calvin Klein,long sleeve,crew neck,white,pink,casual,tight fit,blue,brown
00531_00.jpg,The North Face,short sleeve,round neck,white,black,casual,Loose fit,black,blonde
00532_00.jpg,Unknown,short sleeve,round neck,gray,blue,casual,tight fit,black,brown
00533_00.jpg,Unknown,short sleeve,circle neck,white,yellow,casual,tight fit,white,black
00534_00.jpg,Flann,short sleeve,v-neck,white,white,casual,tight fit,white,blonde
00535_00.jpg,Unknown,long sleeve,turtleneck,white,blue,casual,tight fit,white,brown
00537_00.jpg,Unknown,sleeveless,v-neck,navy blue,red,casual,tight fit,blue,blonde
00538_00.jpg,Unknown,long sleeve,circle neckline,black,unknown,casual,tight fit,olive green,blonde
00539_00.jpg,Unknown,long sleeve,boat neck,dark green,unknown,casual,tight fit,yellow,black
00540_00.jpg,Unknown,short sleeve,circle neck,red,unknown,casual,Loose fit,red,black
00541_00.jpg,MSCH,long sleeve,v-neck,white,unknown,casual,tight fit,black,brown
00542_00.jpg,Levi's,long sleeve,scoop neck,black,white,casual,tight fit,black,brown
00543_00.jpg,GivenCompany,long sleeve,square neckline,black,no secondary color,casual,tight fit,black,brown
00544_00.jpg,Lacoste,short sleeve,v-neck,navy blue,gray,casual,tight fit,blue,blonde
00545_00.jpg,Gap,long sleeve,boat neck,gray,gray,casual,tight fit,black,black
00546_00.jpg,Unknown,long sleeve,scoop neck,black,unknown,casual,tight fit,black,blonde
00547_00.jpg,Unknown,short sleeve,v-neck,black,unknown,casual,tight fit,black,blonde
00548_00.jpg,Anaïde,sleeveless,round neck,black,unknown,casual,tight fit,yellow,blonde
00549_00.jpg,Unknown,long sleeve,round neck,green,green,casual,tight fit,beige,brown
00550_00.jpg,RoseMunique,short sleeve,v-neck,white,unknown,casual,tight fit,blue,blonde
00551_00.jpg,Unknown,short sleeve,v-neck,black,black lace,casual,tight fit,black,brown
00552_00.jpg,Chloé,short sleeve,round neck,white,beige,casual,tight fit,white,blonde
00553_00.jpg,Obey Worldwide Recordings,short sleeve,crew neck,white,black,casual,tight fit,beige,black
00554_00.jpg,Unknown,long sleeve,round neck,pink,unknown,casual,tight fit,blue,black
00555_00.jpg,Gestuz,Short sleeve,V-neck,Black,Unknown,casual,tight fit,black,brown
00556_00.jpg,Unknown,short sleeve,round neck,black,unknown,casual,tight fit,black,brown
00557_00.jpg,Unknown,short sleeve,v-neck,white,white,casual,tight fit,black,blonde
00558_00.jpg,Anna Field,long sleeve,scoop neck,blue,light blue,casual,tight fit,blue,blonde
00559_00.jpg,Unknown,long sleeve,turtleneck,black,unknown,casual,tight fit,blue,red
00560_00.jpg,Unknown,long sleeve,high-neck,beige,green,casual,tight fit,black,brown
00561_00.jpg,Superdry,long sleeve,circle neckline,gray,pink,casual,loose fit,black,blonde
00562_00.jpg,Polo Ralph Lauren,Long sleeve,Round neck,Blue,Red,Casual,tight fit,blue,black
00564_00.jpg,Unknown,short sleeve,hal,black,Unknown,casual,tight fit,green,black
00565_00.jpg,Unknown,short sleeve,v-neck,red,unknown,casual,tight fit,white,blonde
00567_00.jpg,SELECTED,Unknown,V-neck,black,Unknown,casual,tight fit,red,black
00569_00.jpg,Unknown,sleeveless,round neck,dark blue,black,casual,tight fit,black,blonde
00570_00.jpg,Modström,short sleeve,round neck,black,unknown,casual,loose fit,black,blonde
00571_00.jpg,Lauren,long sleeve,boat neckline,burgundy,unknown,casual,tight fit,blue,black
00572_00.jpg,even&odd,short sleeve,r-neck,olive green,unknown,casual,loose fit,green,blonde
00573_00.jpg,Lee,short sleeve,round neck,white,yellow,casual,tight fit,blue,black
00574_00.jpg,NAEF,long sleeve,v-neck,black,white,casual,tight fit,black,brown
00575_00.jpg,Unknown,long sleeve,v-neck,pink,red,casual,tight fit,red,black
00576_00.jpg,Unknown,long sleeve,v-neck,navy,gray,casual,tight fit,white,black
00577_00.jpg,Filippa K,short sleeve,scoop neck,beige,beige,casual,tight fit,blue,black
00578_00.jpg,KIOMI,Unknown,scoop neckline,yellow,unknown,casual,tight fit,yellow,brown
00580_00.jpg,Evenwood,short sleeve,round neck,white,brown,casual,tight fit,yellow,brown
00581_00.jpg,Everlast,short sleeve,round neck,white,white,casual,tight fit,black,brown
00582_00.jpg,Unknown,long sleeve,round neck,navy,gray,casual,tight fit,green,blonde
00584_00.jpg,Black,short sleeve,v-neck,black,unknown,casual,tight fit,black,brown
00585_00.jpg,GANT,long sleeve,mock neck,pink,pink,casual,Loose fit,Pink,Blonde
00586_00.jpg,Unknown,long sleeve,v-neck,white,white,casual,tight fit,black,black
00587_00.jpg,Unknown,short sleeve,cowl neck,white,pink,casual,tight fit,blue,brown
00588_00.jpg,Unknown,short sleeve,cowl neck,white,pink,casual,Loose fit,black,brown
00589_00.jpg,Unknown,short sleeve,round neck,black,pink,casual,tight fit,blue,blonde
00590_00.jpg,Red,long sleeve,v-neck,red,unknown,casual,tight fit,red,brown
00591_00.jpg,Billabong,short sleeve,round neck,gray,black,casual,tight fit,white,black
00593_00.jpg,Unknown,short sleeve,cowl neck,black,white,casual,loose fit,black,blonde
00594_00.jpg,Cecilie,long sleeve,round neck,blue,black,casual,tight fit,blue,black
00595_00.jpg,Unknown,long sleeve,v-neck,pink,pink,casual,tight fit,pink,blonde
00596_00.jpg,Unknown,short sleeve,circle neckline,yellow,white,casual,tight fit,white,blonde
00597_00.jpg,Tommy Hilfiger,long sleeve,polo collar,dark blue,red,casual,tight fit,blue,blonde
00598_00.jpg,Komi,short sleeve,round neck,black,unknown,casual,loose fit,black,blonde
00601_00.jpg,Kaffe,long sleeve,round neck,gray,gray,casual,tight fit,black,brown
00602_00.jpg,Unknown,long sleeve,v-neck,beige,beige,casual,tight fit,beige,black
00603_00.jpg,Unknown,Short Sleeve,Scoop Neck,Gray,Gray,Casual,tight fit,black,brown
00604_00.jpg,Black,long sleeve,v-neck,black,unknown,casual,tight fit,brown,black
00605_00.jpg,Banana Republic,short sleeve,round neck,white,white,casual,tight fit,blue,black
00606_00.jpg,Unknown,long sleeve,high-neck,black,gray,casual,tight fit,brown,blonde
00607_00.jpg,Unknown,long sleeve,round neck,green,green,casual,tight fit,blue,blonde
00608_00.jpg,Under Armour,short sleeve,scoop neck,black,gray,athletic,tight fit,black,blonde
00610_00.jpg,Unknown,short sleeve,round neck,yellow,yellow,casual,tight fit,yellow,blonde
00612_00.jpg,Unknown,short sleeve,round neck,light blue,red,casual,tight fit,blue,blonde
00613_00.jpg,Unknown,long sleeve,v-neck,beige,brown,casual,Loose fit,Black,Blonde
00614_00.jpg,Unknown,short sleeve,deep V-neck,black,Unknown,casual,tight fit,black,brown
00616_00.jpg,Junarose,long sleeve,V-neck,black,unknown,casual,loose fit,black,blonde
00618_00.jpg,Unknown,long sleeve,v-neck,black,Unknown,casual,tight fit,lavender,brown
00619_00.jpg,Unknown,short sleeve,round neck,white,yellow,casual,tight fit,white,brown
00621_00.jpg,Unknown,long sleeve,round neck,white,white,casual,tight fit,blue,blonde
00622_00.jpg,comma,short sleeve,v-neck,orange,unknown,casual,Loose fit,orange,black
00623_00.jpg,Black,short sleeve,high collar,black,silver,casual,tight fit,blue,brown
00625_00.jpg,Unknown,short sleeve,round neck,gray,white,casual,Loose fit,black,black
00626_00.jpg,Lauren,long sleeve,high-neck,navy,green,casual,tight fit,black,black
00628_00.jpg,Unknown,short sleeve,v-neck,gray,gray,casual,tight fit,blue,blonde
00629_00.jpg,Evenwood,short sleeve,round neck,black,white,casual,tight fit,blue,black
00630_00.jpg,Barbour,short sleeve,round neck,white,pink,casual,Loose fit,blue,brown
00631_00.jpg,Unknown,long sleeve,v-neck,black,white,casual,tight fit,black,brown
00632_00.jpg,Unknown,long sleeve,v-neck,black,lace,casual,tight fit,black,black
00634_00.jpg,Fila,long sleeve,round neck,black,red,casual,Loose fit,black,brown
00635_00.jpg,Anna Field,Short sleeve,V-neck,Green,Unknown,casual,tight fit,beige,black
00636_00.jpg,adidas,short sleeve,round neck,white,yellow,casual,Loose fit,black,black
00637_00.jpg,Nike,Short sleeve,Round neck,Black,Gold,Casual,tight fit,black,brown
00638_00.jpg,Garfield,short sleeve,round neck,black,yellow,casual,tight fit,black,blonde
00639_00.jpg,Unknown,long sleeve,turtleneck,orange,unknown,casual,tight fit,orange,black
00640_00.jpg,Unknown,long sleeve,turtleneck,yellow,pink,casual,tight fit,multi-colored,brown
00642_00.jpg,Unknown,long sleeve,turtleneck,green,green,casual,Loose fit,black,blonde
00643_00.jpg,Missguided,long sleeve,crew neck,brown,unknown,casual,tight fit,beige,brown
00646_00.jpg,Unknown,long sleeve,v-neck,black,unknown,casual,tight fit,yellow,blonde
00649_00.jpg,Obey,long sleeve,crew neck,white,yellow,casual,tight fit,black,black
00650_00.jpg,KIOM,sleeveless,round neck,yellow,green,casual,tight fit,white,blonde
00651_00.jpg,Unknown,short sleeve,round neck,black,white,casual,tight fit,black,brown
00652_00.jpg,Unknown,long sleeve,v-neck,pale yellow,pale yellow,casual,tight fit,blue,black
00653_00.jpg,The North Face,short sleeve,round neck,orange,red,casual,Loose fit,red,blonde
00656_00.jpg,Lee,short sleeve,round neck,white,maroon,casual,Loose fit,blue,blonde
00657_00.jpg,Unknown,long sleeve,boat neck,black,Unknown,casual,tight fit,blue,black
00660_00.jpg,Unknown,long sleeve,round neck,gray,unknown,casual,Loose fit,black,blonde
00661_00.jpg,Unknown,long sleeve,square neck,black,unknown,casual,tight fit,black,blonde
00662_00.jpg,Unknown,long sleeve,v-neck,black,Unknown,casual,tight fit,blue,black
00663_00.jpg,Unknown,short sleeve,circle neckline,pink,red,casual,Loose fit,black,blonde
00665_00.jpg,MSCC,long sleeve,crew neck,black,Unknown,casual,tight fit,black,brown
00666_00.jpg,Vans,short sleeve,round neck,white,black,casual,tight fit,yellow,brown
00667_00.jpg,Unknown,sleeveless,v-neck,white,gold,casual,tight fit,green,brown
00668_00.jpg,Unknown,short sleeve,strapless,navy blue,navy blue,casual,tight fit,black,brown
00669_00.jpg,Ever One,short sleeve,round neck,blue,unknown,casual,tight fit,blue,blonde
00670_00.jpg,j.crew,short sleeve,round neck,black,unknown,casual,tight fit,black,brown
00671_00.jpg,Unknown,long sleeve,high-Neck,black,Unknown,casual,tight fit,black,black
00673_00.jpg,Unknown,long sleeve,crew neck,black,pink,casual,tight fit,blue,black
00674_00.jpg,Benetton,long sleeve,boat neck,dark blue,green,casual,tight fit,blue,brown
00675_00.jpg,Marc O'Polo,short sleeve,polo collar,maroon,black,casual,tight fit,red,black
00676_00.jpg,Unknown,short sleeve,v-neck,black,unknown,casual,tight fit,black,blonde
00677_00.jpg,Obey,short sleeve,round neck,black,white,casual,tight fit,green,brown
00678_00.jpg,Unknown,long sleeve,v-neck,dark blue,unknown,casual,tight fit,blue,black
00679_00.jpg,Unknown,short sleeve,tube top,neon yellow,neon yellow,casual,Loose fit,green,blonde
00680_00.jpg,Unknown,long sleeve,v-neck,pink,pink,casual,tight fit,blue,black
00681_00.jpg,Unknown,short sleeve,V-neck,yellow,yellow,casual,Loose fit,Yellow,Black
00682_00.jpg,KEUN,short sleeve,round neck,purple,unknown,casual,tight fit,black,black
00685_00.jpg,Unknown,long sleeve,turtleneck,green,green,casual,tight fit,orange,blonde
00686_00.jpg,Unknown,short sleeve,v-neck,white,white,casual,tight fit,blue,blonde
00687_00.jpg,Unknown,long sleeve,round neck,black,unknown,casual,tight fit,black,black
00689_00.jpg,Unknown,Short sleeve,V-neck,Pink,Brown,Casual,tight fit,white,black
00691_00.jpg,Polo Ralph Lauren,long sleeve,round neck,yellow,light yellow,casual,tight fit,blue,black
00692_00.jpg,Unknown,short sleeve,round neck,red,pink,casual,Loose fit,red,black
00694_00.jpg,Tommy Hilfiger,long sleeve,polo collar,gray,red,casual,tight fit,blue,black
00695_00.jpg,Unknown,short sleeve,v-neck,orange,red,casual,Loose fit,Orange,Black
00696_00.jpg,Unknown,long sleeve,high-neck,black,unknown,casual,tight fit,black,brown
00697_00.jpg,Unknown,long sleeve,turtleneck,navy,orange,casual,Loose fit,Black,Blonde
00699_00.jpg,Zizzi,short sleeve,round neck,black,silver,casual,tight fit,black,black
00700_00.jpg,Unknown,long sleeve,v-neck,navy,pink,casual,tight fit,white,blonde
00702_00.jpg,casall,short sleeve,round neck,yellow,yellow,athletic,tight fit,yellow,brown
00704_00.jpg,Levi's,three-quarter sleeve,boat neck,green,unknown,casual,tight fit,green,blonde
00706_00.jpg,Unknown,long sleeve,round neck,pink,red,casual,tight fit,black,blonde
00707_00.jpg,Unknown,short sleeve,v-neck,cream,white,casual,tight fit,beige,blonde
00708_00.jpg,OBJECT,long sleeve,v-neck,white,unknown,casual,Loose fit,White,Blonde
00710_00.jpg,G-Star,short sleeve,scoop neck,black,white,casual,tight fit,black,brown
00711_00.jpg,Unknown,short sleeve,cowl neck,black,pink,casual,Loose fit,black,blonde
00712_00.jpg,Unknown,short sleeve,scoop neck,navy blue,unknown,casual,tight fit,blue,black
00715_00.jpg,Unknown,short sleeve,v-neck,white,pastel,casual,tight fit,blue,blonde
00716_00.jpg,Unknown,short sleeve,off-shoulder,blue,red,casual,Off-the-shoulder,Blue,Blonde
00717_00.jpg,Unknown,long sleeve,v-neck,blue,unknown,casual,Loose fit,blue,black
00718_00.jpg,Unknown,long sleeve,boat neck,green,unknown,casual,tight fit,black,brown
00719_00.jpg,Unknown,short sleeve,v-neck,black,lace,casual,tight fit,black,blonde
00720_00.jpg,Anna Field,sleeveless,round neck,pink,blue,casual,tight fit,beige,brown
00721_00.jpg,Gap,long sleeve,round neck,yellow,yellow,casual,tight fit,blue,blonde
00722_00.jpg,MISSCHIRED,short sleeve,v-neck,black,unknown,casual,tight fit,black,brown
00724_00.jpg,comma,sleeveless,v-neck,pink,red,casual,tight fit,red,blonde
00726_00.jpg,Versace Jeans Couture,short sleeve,round neck,black,pink,casual,Loose fit,black,black
00727_00.jpg,Fila,short sleeve,round neck,black,white,casual,Loose fit,black,blonde
00728_00.jpg,Polo,short sleeve,round neck,mint green,white,casual,Loose fit,green,blonde
00730_00.jpg,Unknown,short sleeve,v-neck,green,unknown,casual,tight fit,green,black
00731_00.jpg,Unknown,short sleeve,cowl neck,white,black,casual,tight fit,black,black
00733_00.jpg,Unknown,short sleeve,v-neck,black,unknown,casual,tight fit,green,blonde
00735_00.jpg,Meerkat,short sleeve,circle neck,black,Unknown,casual,tight fit,black,brown
00738_00.jpg,Berluti,long sleeve,scoop neck,blue,yellow,casual,tight fit,beige,brown
00741_00.jpg,Missguided,long sleeve,v-neck,black,red,casual,Loose fit,red,black
00742_00.jpg,Unknown,short sleeve,v-neck,white,green,casual,tight fit,white,blonde
00743_00.jpg,Superdry,long sleeve,crew neck,black,white,casual,tight fit,blue,brown
00744_00.jpg,Unknown,short sleeve,v-neck,yellow,yellow,casual,Loose fit,yellow,black
00745_00.jpg,Unknown,long sleeve,v-neck,black,lace,casual,tight fit,black,black
00746_00.jpg,Ellesse,Short Sleeve,Round Neck,Green,Black,Casual,Loose fit,Black,Blonde
00747_00.jpg,Superdry,short sleeve,v-neck,orange,pink,casual,Loose fit,Orange,Blonde
00748_00.jpg,Unknown,long sleeve,v-neck,white,white,casual,tight fit,white,blonde
00749_00.jpg,Anna Field,short sleeve,v-neck,yellow,yellow,casual,tight fit,yellow,blonde
00750_00.jpg,Unknown,long sleeve,v-neck,blue,unknown,casual,tight fit,blue,blonde
00751_00.jpg,Unknown,long sleeve,round neck,white,unknown,casual,tight fit,black,brown
00752_00.jpg,Unknown,long sleeve,boat neck,blue,unknown,casual,tight fit,blue,blonde
00753_00.jpg,Black,long sleeve,boat neck,black,unknown,casual,tight fit,black,blonde
00754_00.jpg,Unknown,long sleeve,v-neck,white,unknown,casual,tight fit,white,black
00755_00.jpg,Unknown,short sleeve,round neck,green,green,casual,tight fit,green,blonde
00756_00.jpg,Unknown,short sleeve,round neck,green,green,casual,tight fit,green,blonde
00757_00.jpg,MACCIN,Three-quarter sleeve,Scoop neck,Pink,White,Casual,tight fit,white,blonde
00758_00.jpg,Evans,short sleeve,v-neck,black,yellow,casual,tight fit,black,brown
00759_00.jpg,Meetit,short sleeve,round neck,green,green,casual,tight fit,gray,blonde
00761_00.jpg,Unknown,long sleeve,boat neck,black,Unknown,casual,tight fit,green,blonde
00763_00.jpg,Unknown,short sleeve,v-neck,white,gray,casual,tight fit,blue,brown
00764_00.jpg,Unknown,long sleeve,round neck,pink,unknown,casual,loose fit,pink,black
00766_00.jpg,Unknown,short sleeve,circle neck,black,unknown,casual,Loose fit,black,brown
00767_00.jpg,Unknown,long sleeve,v-neck,black,unknown,casual,tight fit,black,brown
00769_00.jpg,Live,long sleeve,v-neck,navy blue,unknown,casual,Loose fit,black,blonde
00770_00.jpg,Element Skateboards,long sleeve,cowl neck,white,red,casual,tight fit,green,brown
00771_00.jpg,zalando,long sleeve,boat neck,teal,teal,casual,tight fit,black,blonde
00772_00.jpg,Guess,short sleeve,round neck,white,red,casual,Loose fit,red,black
00773_00.jpg,Patrizia Pepe,short sleeve,round neck,white,black,casual,tight fit,black,brown
00774_00.jpg,Unknown,short sleeve,v-neck,red,unknown,casual,tight fit,red,black
00775_00.jpg,Unknown,short sleeve,round neck,black,white,casual,tight fit,black,brown
00776_00.jpg,Unknown,long sleeve,v-neck,black,gray,casual,tight fit,black,brown
00777_00.jpg,Karl Lagerfeld,Short sleeve,Round neck,Black,Unknown,Casual,tight fit,black,blonde
00778_00.jpg,Unknown,short sleeve,cowl neck,pink,white,casual,tight fit,white,red
00779_00.jpg,Levi's,long sleeve,scoop neck,brown,black,casual,tight fit,blue,blonde
00780_00.jpg,Unknown,short sleeve,v-neck,blue,unknown,casual,tight fit,black,brown
00783_00.jpg,Unknown,short sleeve,v-neck,brown,red,casual,tight fit,black,brown
00784_00.jpg,American Vintage,short sleeve,scoop neck,white,unknown,casual,tight fit,blue,brown
00786_00.jpg,Unknown,short sleeve,v-neck,red,zebra print,casual,tight fit,red,blonde
00787_00.jpg,Unknown,short sleeve,v-neck,black,unknown,casual,tight fit,black,blonde
00791_00.jpg,Yellow,Long sleeve,V-neck,Yellow,Unknown,Casual,tight fit,black,blonde
00792_00.jpg,GAP,Short sleeve,Boat neck,Unknown,Unknown,casual,tight fit,white,black
00793_00.jpg,Unknown,short sleeve,circle neckline,navy blue,yellow,casual,tight fit,black,black
00794_00.jpg,Tommy Hilfiger,short sleeve,polo collar,navy blue,white,casual,tight fit,black,blonde
00795_00.jpg,Unknown,long sleeve,round neck,yellow,unknown,casual,tight fit,white,blonde
00796_00.jpg,Unknown,short sleeve,v-neck,black,unknown,casual,tight fit,black,blonde
00797_00.jpg,Unknown,long sleeve,v-neck,black,yellow,casual,tight fit,orange,blonde
00798_00.jpg,Unknown,short sleeve,v-neck,black,unknown,casual,tight fit,black,black
00799_00.jpg,Unknown,short sleeve,v-neck,black,unknown,casual,tight fit,black,blonde
00800_00.jpg,Ams. Blauw,short sleeve,round neck,green,orange,casual,Loose fit,green,blonde
00801_00.jpg,Unknown,short sleeve,v-neck,purple,red,party,tight fit,blue,brown
00803_00.jpg,Unknown,long sleeve,crew neck,navy blue,pink,casual,tight fit,black,blonde
00804_00.jpg,Unknown,short sleeve,cowl neck,pale yellow,yellow,casual,tight fit,white,blonde
00805_00.jpg,Tommy Sport,short sleeve,round neck,green,white,casual,tight fit,black,brown
00806_00.jpg,Unknown,long sleeve,v-neck,pink,unknown,casual,tight fit,black,brown
00807_00.jpg,NEW LOOK,long sleeve,crew neck,white,black,casual,tight fit,blue,brown
00808_00.jpg,Pepsi Jeans,short sleeve,r-neck,white,pink,casual,tight fit,blue,red
00810_00.jpg,Holzweiler,short sleeve,crew neck,white,red,casual,Loose fit,white,brown
00811_00.jpg,Unknown,long sleeve,circle neckline,pink,yellow,summer casual,Loose fit,blue,brown
00812_00.jpg,Unknown,long sleeve,high-neckline,black,Unknown,casual,Loose fit,black,blonde
00813_00.jpg,Communikat,long sleeve,boat neck,white,unknown,casual,tight fit,blue,blonde
00815_00.jpg,Tommy Sport,sleeveless,round neck,pink,white,casual,tight fit,green,black
00816_00.jpg,Unknown,short sleeve,v-neck,white,gray,casual,tight fit,black,brown
00817_00.jpg,Unknown,long sleeve,round neck,black,unknown,casual,tight fit,black,brown
00818_00.jpg,Unknown,short sleeve,circle neckline,white,pink,casual,tight fit,blue,black
00819_00.jpg,Calvin Klein,long sleeve,round neck,white,red,casual,loose fit,red,blonde
00822_00.jpg,Unknown,long sleeve,v-neck,red,orange,casual,tight fit,navy blue,black
00823_00.jpg,Unknown,short sleeve,round neck,purple,unknown,casual,tight fit,purple,brown
00825_00.jpg,IVY & OAK,short sleeve,v-neck,purple,unknown,casual,Loose fit,purple,blonde
00826_00.jpg,Unknown,short sleeve,v-neck,white,cream,casual,tight fit,black,blonde
00829_00.jpg,Unknown,long sleeve,circle neckline,pink,white,casual,Loose fit,red,black
00830_00.jpg,Unknown,long sleeve,v-neck,red,pink,casual,tight fit,red,blonde
00831_00.jpg,Versace Jeans Couture,short sleeve,round neck,white,silver,casual,tight fit,white,black
00833_00.jpg,Fila,short sleeve,round neck,pink,black,casual,Loose fit,black,black
00834_00.jpg,Unknown,short sleeve,v-neck,white,white,casual,tight fit,blue,brown
00835_00.jpg,Unknown,short sleeve,circle neckline,white,red,casual,Loose fit,black,blonde
00836_00.jpg,Unknown,short sleeve,h-neck,navy,yellow,summer,tight fit,green,blonde
00837_00.jpg,Marc O'Polo,long sleeve,v-neck,red,unknown,casual,tight fit,red,blonde
00838_00.jpg,Aware,long sleeve,v-neck,pale yellow,light yellow,casual,tight fit,black,brown
00841_00.jpg,Unknown,short sleeve,round neck,blue,light blue,casual,Loose fit,blue,black
00842_00.jpg,Unknown,long sleeve,turtleneck,gray,gray,casual,tight fit,blue,brown
00844_00.jpg,Tommy Sport,Short sleeve,Round neck,Green,White,Casual,tight fit,black,brown
00845_00.jpg,AllSaints,long sleeve,boat neck,black,unknown,casual,loose fit,black,blonde
00846_00.jpg,Unknown,long sleeve,v-neck,white,blue,casual,tight fit,white,brown
00847_00.jpg,Unknown,long sleeve,v-neck,white,unknown,casual,tight fit,black,brown
00849_00.jpg,Zizzi,short sleeve,v-neck,black,floral,casual,Loose fit,black,blonde
00850_00.jpg,Unknown,short sleeve,high neck,white,yellow,casual,tight fit,black,brown
00851_00.jpg,N/A,long sleeve,turtleneck,black,unknown,casual,tight fit,black,black
00853_00.jpg,Unknown,short sleeve,v-neck,green,silver,casual,tight fit,blue,blonde
00854_00.jpg,Hollister,long sleeve,hooded,white,navy blue,casual,tight fit,blue,blonde
00855_00.jpg,Zara,Short sleeve,Scoop neck,Black,Grey,Casual,tight fit,blue,black
00857_00.jpg,Unknown,short sleeve,round neck,pink,blue,casual,tight fit,blue,blonde
00860_00.jpg,Levi's,short sleeve,round neck,gray,red,casual,tight fit,black,brown
00861_00.jpg,Unknown,short sleeve,scoop neck,pink,light pink,casual,tight fit,black,black
00863_00.jpg,Unknown,short sleeve,hal neck,taupe,taupe,casual,tight fit,black,brown
00864_00.jpg,Unknown,sleeveless,v-neck,dark blue,black lace,casual,tight fit,blue,black
00866_00.jpg,Unknown,long sleeve,scoop neck,black,unknown,casual,tight fit,brown,black
00867_00.jpg,Unknown,short sleeve,v-neck,white,yellow,casual,Loose fit,black,blonde
00868_00.jpg,Unknown,long sleeve,v-neck,gray,gray,casual,tight fit,green,brown
00869_00.jpg,Unknown,short sleeve,cowl neck,orange,unknown,casual,tight fit,white,blonde
00870_00.jpg,Unknown,short sleeve,v-neck,light pink,white,casual,tight fit,blue,blonde
00871_00.jpg,Unknown,short sleeve,v-neck,pink,light pink,casual,tight fit,black,blonde
00872_00.jpg,Gap,long sleeve,boat neck,white,black,casual,loose fit,blue,brown
00873_00.jpg,Edited,short sleeve,polo collar,white,light purple,casual,Loose fit,white,black
00874_00.jpg,Carhartt,short sleeve,round neck,black,white,casual,Loose fit,black,black
00876_00.jpg,Unknown,sleeveless,round neck,black,gray,casual,tight fit,beige,black
00878_00.jpg,Unknown,short sleeve,v-neck,black,unknown,casual,tight fit,black,brown
00879_00.jpg,Unknown,long sleeve,high-neck,blue,unknown,casual,tight fit,black,blonde
00880_00.jpg,Unknown,long sleeve,high-neck,red,unknown,casual,Loose fit,Orange,Blonde
00881_00.jpg,PS,short sleeve,round neck,white,multicolored,casual,Loose fit,black,blonde
00882_00.jpg,Evans,long sleeve,v-neck,black,unknown,casual,loose fit,black,blonde
00883_00.jpg,Unknown,short sleeve,v-neck,black,lace,casual,tight fit,brown,blonde
00885_00.jpg,Unknown,long sleeve,round neck,brown,unknown,casual,tight fit,brown,brown
00886_00.jpg,Unknown,Long sleeve,Scoop neck,Black,Black,Casual,tight fit,blue,blonde
00887_00.jpg,Pieker,short sleeve,scoop neck,yellow,blue,casual,tight fit,black,blonde
00890_00.jpg,Unknown,long sleeve,high-neck,black,Unknown,casual,tight fit,black,brown
00892_00.jpg,Selected,long sleeve,v-neck,navy blue,white,casual,tight fit,blue,black
00894_00.jpg,Tommy Sport,sleeveless,round neck,white,red,casual,tight fit,gray,black
00895_00.jpg,Vans,long sleeve,round neck,black,white,casual,tight fit,blue,red
00896_00.jpg,Unknown,short sleeve,round neck,black,unknown,casual,tight fit,beige,brown
00897_00.jpg,Unknown,long sleeve,v-neck,white,navy blue,casual,tight fit,black,black
00898_00.jpg,Villa,long sleeve,V-neck,gray,brown,casual,tight fit,black,brown
00899_00.jpg,Unknown,long sleeve,round neck,white,purple,casual,Loose fit,black,brown
00900_00.jpg,cream,long sleeve,high neck,beige,leopard print,casual,Loose fit,blue,black
00901_00.jpg,Unknown,short sleeve,boat neckline,navy blue,white,casual,tight fit,blue,black
00903_00.jpg,Unknown,long sleeve,v-neck,green,green,casual,tight fit,black,blonde
00904_00.jpg,Unknown,short sleeve,round neck,black,pink,casual,tight fit,black,brown
00905_00.jpg,Black,long sleeve,v-neck,black,unknown,casual,tight fit,black,brown
00907_00.jpg,Unknown,short sleeve,round neck,white,pink,casual,Loose fit,blue,blonde
00908_00.jpg,Unknown,short sleeve,v-neck,black,unknown,casual,tight fit,black,blonde
00909_00.jpg,Unknown,short sleeve,round neck,yellow,blue,casual,tight fit,yellow,blonde
00910_00.jpg,Unknown,short sleeve,round neck,white,green,casual,tight fit,white,brown
00912_00.jpg,Culture,Short sleeve,Round neck,Orange,Unknown,Casual,Loose fit,Orange,Black
00913_00.jpg,Banana Republic,long sleeve,v-neck,white,beige,casual,tight fit,black,black
00914_00.jpg,Unknown,short sleeve,round neck,blue,yellow,casual,tight fit,white,blonde
00915_00.jpg,Desigual,short sleeve,round neck,white,blue,casual,Loose fit,red,black
00917_00.jpg,Unknown,short sleeve,v-neck,black,white,casual,tight fit,black,blonde
00918_00.jpg,Unknown,short sleeve,round neck,maroon,pink,casual,Loose fit,red,black
00919_00.jpg,Unknown,short sleeve,v-neck,white,brown,casual,tight fit,blue,brown
00921_00.jpg,Unknown,long sleeve,boat neckline,red,unknown,casual,tight fit,blue,black
00922_00.jpg,Unknown,long sleeve,boat neck,black,Unknown,casual,tight fit,black,brown
00923_00.jpg,Unknown,long sleeve,v-neck,black,pol,casual,tight fit,blue,brown
00924_00.jpg,Unknown,short sleeve,boat neckline,black,white,casual,tight fit,white,brown
00926_00.jpg,ONLY,short sleeve,round neck,blue,red,casual,tight fit,black,blonde
00927_00.jpg,Unknown,short sleeve,circle neckline,purple,unknown,casual,Loose fit,purple,black
00928_00.jpg,Unknown,short sleeve,round neck,gray,gray,casual,loose fit,black,blonde
00929_00.jpg,Unknown,short sleeve,round neck,blue,silver,casual,tight fit,black,blonde
00930_00.jpg,Unknown,long sleeve,mock neck,white,white,casual,tight fit,black,blonde
00931_00.jpg,Nike,long sleeve,crew neck,white,black,casual,tight fit,black,blonde
00932_00.jpg,Unknown,short sleeve,boat neckline,navy blue,lace,casual,tight fit,blue,brown
00933_00.jpg,Unknown,short sleeve,v-neck,white,red,casual,tight fit,black,brown
00934_00.jpg,Unknown,short sleeve,boat neck,black,unknown,casual,tight fit,black,blonde
00935_00.jpg,Unknown,long sleeve,v-neck,gray,black,casual,tight fit,blue,blonde
00938_00.jpg,Weekend MaxMara,short sleeve,round neck,white,white,casual,tight fit,blue,blonde
00940_00.jpg,Evenwood,short sleeve,round neck,black,pink,casual,Loose fit,black,brown
00941_00.jpg,VILA,Short sleeve,Round neck,Blue,Lace,Casual,tight fit,blue,brown
00943_00.jpg,Opus,long sleeve,boat neck,black,white,casual,tight fit,black,black
00944_00.jpg,Unknown,long sleeve,boat neck,navy blue,pink,casual,tight fit,white,blonde
00945_00.jpg,Unknown,long sleeve,v-neck,white,yellow,casual,Loose fit,black,blonde
00946_00.jpg,Unknown,long sleeve,polo collar,gray,gray,casual,tight fit,black,blonde
00947_00.jpg,Unknown,short sleeve,scoop neck,white,white,casual,tight fit,white,brown
00949_00.jpg,Zalando,short sleeve,polo collar,black,unknown,casual,tight fit,black,blonde
00951_00.jpg,Gap,short sleeve,round neck,black,unknown,casual,tight fit,black,blonde
00952_00.jpg,Unknown,Three-quarter sleeve,Scoop neck,Black,Transparent,Casual,tight fit,black,blonde
00953_00.jpg,Unknown,long sleeve,v-neck,pink,orange,casual,Loose fit,red,brown
00954_00.jpg,Unknown,short sleeve,round neck,black,unknown,casual,tight fit,black,brown
00956_00.jpg,Unknown,short sleeve,round neck,red,white,casual,Loose fit,red,black
00957_00.jpg,Unknown,long sleeve,v-neck,black,gray,casual,Loose fit,black,brown
00958_00.jpg,Unknown,long sleeve,turtleneck,black,unknown,casual,tight fit,black,black
00959_00.jpg,Unknown,long sleeve,v-neck,white,unknown,casual,tight fit,white,black
00962_00.jpg,Unknown,long sleeve,round neck,white,black,casual,tight fit,brown,black
00963_00.jpg,Unknown,long sleeve,turtleneck,black,Unknown,casual,Loose fit,black,brown
00964_00.jpg,Unknown,short sleeve,round neck,beige,beige,casual,tight fit,black,blonde
00965_00.jpg,Unknown,sleeveless,round neck,black,white,casual,tight fit,blue,blonde
00966_00.jpg,Unknown,long sleeve,boat neck,green,green,casual,tight fit,black,black
00967_00.jpg,Unknown,long sleeve,high-neck,black,unknown,casual,tight fit,black,brown
00968_00.jpg,SSENSE,short sleeve,v-neck,camouflage,brown,casual,Loose fit,Black,Blonde
00969_00.jpg,Unknown,long sleeve,v-neck,black,unknown,casual,tight fit,black,brown
00970_00.jpg,Karl Lagerfeld,short sleeve,circle neck,white,yellow,casual,tight fit,silver,brown
00971_00.jpg,Polo,long sleeve,crew neck,white,blue,casual,tight fit,blue,blonde
00972_00.jpg,ONLY,short sleeve,round neck,pink,light pink,casual,tight fit,black,black
00973_00.jpg,Unknown,short sleeve,round neck,white,multicolored,casual,Loose fit,green,brown
00974_00.jpg,Unknown,long sleeve,boat neck,pink,red,casual,tight fit,red,black
00977_00.jpg,Unknown,short sleeve,round neck,white,unknown,casual,tight fit,black,blonde
00978_00.jpg,Unknown,long sleeve,boat neck,red,green,casual,tight fit,red,black
00979_00.jpg,Petite,long sleeve,high-neck,red,black,casual,tight fit,black,black
00980_00.jpg,Opus,short sleeve,v-neck,black,white,casual,tight fit,beige,brown
00982_00.jpg,Black,long sleeve,v-neck,black,unknown,casual,tight fit,black,blonde
00983_00.jpg,Anna Field,short sleeve,round neck,yellow,yellow,casual,tight fit,yellow,blonde
00985_00.jpg,Unknown,long sleeve,round neck,gray,gray,casual,tight fit,white,black
00987_00.jpg,Unknown,short sleeve,polo collar,green,white,casual,loose fit,white,blonde
00988_00.jpg,Unknown,short sleeve,v-neck,black,unknown,casual,tight fit,black,brown
00990_00.jpg,Unknown,Short sleeve,Round neck,Brown,Green,Casual,tight fit,white,black
00994_00.jpg,EA7,short sleeve,round neck,white,pink,casual,tight fit,black,brown
00995_00.jpg,Gap,short sleeve,v-neck,black,unknown,casual,tight fit,black,brown
00996_00.jpg,Puma,sleeveless,round neck,black,pink,casual,tight fit,black,black
00997_00.jpg,Tommy Jeans,Short sleeve,V-neck,White,Red,Casual,tight fit,olive green,blonde
00998_00.jpg,Zalando,long sleeve,scoop neck,black,white,casual,tight fit,black,blonde
00999_00.jpg,Unknown,short sleeve,round neck,beige,blue,casual,tight fit,black,black
01001_00.jpg,Fila,long sleeve,round neck,black,red,casual,Loose fit,black,black
01002_00.jpg,MSCH,long sleeve,scoop neck,black,unknown,casual,tight fit,black,black
01004_00.jpg,Polo,short sleeve,round neck,pink,blue,casual,tight fit,blue,blonde
01005_00.jpg,Karl Lagerfeld,Short sleeve,Round neck,Pink,Unknown,Casual,Loose fit,hot pink,blonde
01007_00.jpg,Unknown,long sleeve,cowl neck,black,gray,casual,tight fit,black,black
01009_00.jpg,Gap,short sleeve,round neck,pink,pink,casual,loose fit,black,red
01010_00.jpg,Marche des Femmes,long sleeve,crew neck,navy blue,white,casual,tight fit,blue,blonde
01012_00.jpg,Unknown,long sleeve,boat neck,yellow,unknown,casual,tight fit,yellow,black
01013_00.jpg,Unknown,short sleeve,round neck,white,white,casual,tight fit,pink,brown
01015_00.jpg,Benetton,long sleeve,v-neck,white,green,casual,tight fit,beige,black
01017_00.jpg,Unknown,short sleeve,scoop neck,black,unknown,casual,tight fit,blue,brown
01018_00.jpg,Unknown,short sleeve,round neck,black,unknown,casual,tight fit,blue,black
01019_00.jpg,Versace Jeans Couture,short sleeve,round neck,white,gold,casual,tight fit,blue,black
01020_00.jpg,Steel & Stone,short sleeve,v-neck,yellow,yellow,casual,Loose fit,yellow,black
01021_00.jpg,Unknown,short sleeve,square neck,pink,white,casual,tight fit,pink,brown
01022_00.jpg,Unknown,short sleeve,hal neck,black,white,casual,tight fit,olive green,blonde
01023_00.jpg,Unknown,short sleeve,round neck,black,leopard print,casual,Loose fit,black,black
01024_00.jpg,Unknown,long sleeve,v-neck,black,yellow,casual,tight fit,black,blonde
01025_00.jpg,Espirit,short sleeve,round neck,white,multicolored stripes,casual,tight fit,blue,blonde
01027_00.jpg,Unknown,long sleeve,boat neck,pale pink,pale pink,casual,tight fit,blue,black
01028_00.jpg,Zizzi,long sleeve,round neck,black,gray,casual,tight fit,black,black
01029_00.jpg,Unknown,short sleeve,circle neck,black,yellow,unknown,tight fit,black,blonde
01030_00.jpg,Unknown,short sleeve,v-neck,pink,purple,casual,tight fit,red,black
01032_00.jpg,Unknown,sleeveless,v-neck,orange,brown,casual,tight fit,black,blonde
01033_00.jpg,Lee,long sleeve,round neck,black,white,casual,tight fit,blue,blonde
01034_00.jpg,Unknown,short sleeve,boat neck,navy blue,black,casual,tight fit,blue,blonde
01037_00.jpg,Polo Ralph Lauren,Short sleeve,Collared,Pink,Unknown,Casual,tight fit,purple,brown
01038_00.jpg,Unknown,short sleeve,circle neck,white,unknown,casual,tight fit,black,blonde
01039_00.jpg,Unknown,long sleeve,boat neck,green,unknown,casual,tight fit,blue,red
01040_00.jpg,Unknown,long sleeve,v-neck,gray,gray,casual,tight fit,blue,black
01041_00.jpg,Esprit,short sleeve,round neck,white,black,casual,tight fit,red,black
01042_00.jpg,Ofius,sleeveless,scoop neck,black,black,casual,tight fit,blue,brown
01043_00.jpg,Carhartt,short sleeve,round neck,black,pink,casual,tight fit,blue,brown
01044_00.jpg,Unknown,long sleeve,circle neckline,gray,pink,casual,tight fit,black,red
01045_00.jpg,Unknown,long sleeve,v-neck,gray,black,casual,tight fit,black,brown
01047_00.jpg,Unknown,long sleeve,v-neck,black,Unknown,casual,loose fit,blue,black
01049_00.jpg,Unknown,short sleeve,round neck,red,unknown,casual,tight fit,red,black
01050_00.jpg,Unknown,long sleeve,v-neck,dark blue,unknown,casual,tight fit,blue,black
01052_00.jpg,Unknown,short sleeve,boat neckline,black,unknown,casual,tight fit,black,brown
01053_00.jpg,Even&Co,sleeveless,round neck,black,white,casual,tight fit,black,brown
01055_00.jpg,Selected,short sleeve,round neck,white,blue,casual,tight fit,blue,brown
01056_00.jpg,Unknown,long sleeve,round neck,yellow,unknown,casual,tight fit,black,blonde
01058_00.jpg,Roxy,short sleeve,round neck,white,light blue,casual,tight fit,maroon,brown
01059_00.jpg,Unknown,long sleeve,v-neck,pale blue,pale blue,casual,Loose fit,black,brown
01060_00.jpg,Vans,long sleeve,crew neck,white,leopard print,casual,Loose fit,red,black
01061_00.jpg,Unknown,Short Sleeve,V-Neck,White,Unknown,Casual,tight fit,red,black
01062_00.jpg,Unknown,short sleeve,round neck,gray,black,casual,tight fit,black,black
01063_00.jpg,Unknown,short sleeve,v-neck,red,unknown,casual,tight fit,black,black
01064_00.jpg,Polo Ralph Lauren,short sleeve,polo collar,white,blue,casual,tight fit,blue,blonde
01065_00.jpg,Anna Field,short sleeve,round neck,white,multicolored,casual,loose fit,black,blonde
01067_00.jpg,Unknown,long sleeve,high-neck,black,polka dots,casual,tight fit,black,black
01068_00.jpg,Unknown,short sleeve,mock neck,red,unknown,casual,tight fit,red,black
01071_00.jpg,Black,Unknown,V-neck,Black,Unknown,Casual,Loose fit,black,blonde
01073_00.jpg,Unknown,long sleeve,v-neck,teal,teal,casual,tight fit,white,black
01075_00.jpg,Dickies,long sleeve,round neck,white,red,casual,Loose fit,red,black
01076_00.jpg,Unknown,long sleeve,high-neck,black,purple,casual,tight fit,white,black
01077_00.jpg,Unknown,short sleeve,round neck,orange,unknown,casual,Loose fit,orange,black
01079_00.jpg,Hollister,short sleeve,scoop neck,black,unknown,casual,tight fit,black,black
01081_00.jpg,Gap,long sleeve,boat neck,white,red,casual,Loose fit,red,black
01082_00.jpg,Unknown,short sleeve,high neck,yellow,neon yellow,casual,tight fit,yellow,brown
01083_00.jpg,Unknown,long sleeve,v-neck,black,Unknown,casual,Loose fit,black,black
01084_00.jpg,Unknown,long sleeve,cowl neck,black,Unknown,casual,loose fit,blue,black
01085_00.jpg,Unknown,short sleeve,circle neckline,white,pink,casual,tight fit,blue,blonde
01086_00.jpg,Under Armour,sleeveless,round neck,pink,black,casual,tight fit,blue,black
01087_00.jpg,Weekday,short sleeve,square neck,red,orange,casual,tight fit,red,brown
01088_00.jpg,Unknown,short sleeve,v-neck,white,silver,casual,tight fit,white,brown
01089_00.jpg,Unknown,long sleeve,high-neck,black,Unknown,casual,tight fit,black,black
01091_00.jpg,Unknown,long sleeve,v-neck,navy,multi-colored,casual,tight fit,blue,blonde
01093_00.jpg,Unknown,long sleeve,v-neck,green,black,casual,tight fit,black,brown
01094_00.jpg,Marc O'Polo,short sleeve,polo collar,red,black,casual,tight fit,black,brown
01095_00.jpg,Object,long sleeve,v-neck,burgundy,unknown,casual,loose fit,red,brown
01096_00.jpg,Unknown,long sleeve,v-neck,red,red,casual,tight fit,red,black
01097_00.jpg,Vila,long sleeve,crew neck,white,gray,casual,tight fit,black,brown
01098_00.jpg,Unknown,short sleeve,round neck,white,unknown,casual,tight fit,white,brown
01099_00.jpg,Superdry,short sleeve,crew neck,white,pink,casual,tight fit,beige,blonde
01100_00.jpg,Filppa K.,short sleeve,boat neck,white,white,casual,tight fit,navy blue,blonde
01101_00.jpg,Unknown,long sleeve,turtleneck,gray,purple,casual,tight fit,black,brown
01102_00.jpg,Karl Lagerfeld,short sleeve,circle neck,white,unknown,casual,tight fit,black,blonde
01103_00.jpg,Unknown,long sleeve,high-neck,green,white,casual,Loose fit,black,blonde
01104_00.jpg,Lee,short sleeve,round neck,white,black,casual,Loose fit,gray,black
01105_00.jpg,Unknown,short sleeve,round neck,white,black,casual,tight fit,black,brown
01107_00.jpg,Unknown,short sleeve,round neck,dark blue,red,casual,Loose fit,blue,black
01108_00.jpg,Unknown,short sleeve,round neck,pink,unknown,casual,Loose fit,pink,brown
01109_00.jpg,Unknown,long sleeve,boat neckline,dark blue,white,casual,tight fit,black,brown
01110_00.jpg,Unknown,short sleeve,mock neck,green,green,casual,tight fit,green,brown
01111_00.jpg,ONLY,sleeveless,round neck,white,unknown,casual,tight fit,black,blonde
01113_00.jpg,NAFNAC,short sleeve,v-neck,blue,white,casual,Loose fit,black,blonde
01114_00.jpg,Esprit,long sleeve,boat neckline,yellow,yellow,casual,loose fit,black,blonde
01115_00.jpg,OBJECT,long sleeve,cowl neck,green,black,casual,tight fit,black,blonde
01116_00.jpg,Adidas,Short sleeve,Round neck,Red,White,Casual,Loose fit,red,black
01117_00.jpg,PIECES,long sleeve,v-neck,beige,orange,casual,Loose fit,black,brown
01119_00.jpg,Unknown,long sleeve,v-neck,navy,pink,casual,tight fit,black,blonde
01120_00.jpg,Unknown,short sleeve,square neck,black,white,casual,Loose fit,black,blonde
01121_00.jpg,Unknown,long sleeve,v-neck,burgundy,red,casual,tight fit,black,blonde
01122_00.jpg,Unknown,short sleeve,v-neck,yellow,black,casual,Loose fit,Black,Blonde
01124_00.jpg,Levi's,short sleeve,round neck,red,unknown,casual,Loose fit,red,black
01125_00.jpg,Unknown,long sleeve,round neck,brown,black,casual,tight fit,black,black
01126_00.jpg,Unknown,long sleeve,v-neck,red,red,casual,tight fit,red,black
01127_00.jpg,Unknown,short sleeve,round neck,white,white,casual,tight fit,blue,blonde
01128_00.jpg,Unknown,short sleeve,round neck,red,white,casual,Loose fit,red,brown
01129_00.jpg,PIECES,short sleeve,square neckline,black,lace,casual,tight fit,blue,brown
01130_00.jpg,Polo Ralph Lauren,short sleeve,round neck,green,red,casual,tight fit,green,blonde
01131_00.jpg,Unknown,short sleeve,V-neck,white,white,casual,tight fit,white,blonde
01132_00.jpg,Black,long sleeve,v-neck,black,unknown,casual,tight fit,black,blonde
01133_00.jpg,Unknown,short sleeve,v-neck,navy,black,casual,tight fit,black,black
01134_00.jpg,Unknown,short sleeve,round neck,yellow,yellow,casual,tight fit,yellow,black
01135_00.jpg,Unknown,long sleeve,round neck,white,black,casual,tight fit,yellow,blonde
01136_00.jpg,Zizzi,long sleeve,round neck,brown,orange,casual,tight fit,blue,black
01137_00.jpg,Unknown,long sleeve,v-neck,white,purple,casual,Loose fit,black,black
01138_00.jpg,Unknown,long sleeve,collar,navy blue,white,casual,Loose fit,black,black
01139_00.jpg,Unknown,long sleeve,v-neck,red,red,casual,tight fit,red,black
01141_00.jpg,MANGO,long sleeve,round neck,brown,beige,casual,tight fit,brown,blonde
01142_00.jpg,Unknown,short sleeve,V-neck,pink,blush,casual,tight fit,black,blonde
01144_00.jpg,Unknown,short sleeve,v-neck,white,multicolored,casual,tight fit,white,blonde
01146_00.jpg,Esprit,short sleeve,v-neck,black,unknown,casual,tight fit,yellow,blonde
01147_00.jpg,Black,Unknown,V-neck,Black,Unknown,Casual,tight fit,black,brown
01148_00.jpg,bluu,long sleeve,boat neckline,gray,gray,casual,tight fit,blue,blonde
01150_00.jpg,G-Star,short sleeve,v-neck,dark blue,white,casual,tight fit,black,black
01151_00.jpg,Reebok,short sleeve,round neck,white,yellow,casual,Loose fit,green,black
01152_00.jpg,Whistles,long sleeve,cowl neck,black,Unknown,casual,tight fit,black,black
01153_00.jpg,Reebok,short sleeve,round neck,navy blue,white,casual,Loose fit,Navy blue,Black
01156_00.jpg,KLOM,short sleeve,round neck,white,unknown,casual,tight fit,blue,black
01157_00.jpg,Unknown,short sleeve,turtleneck,black,pink,formal,tight fit,black,brown
01158_00.jpg,Unknown,short sleeve,round neck,yellow,yellow,casual,tight fit,yellow,brown
01159_00.jpg,Unknown,Unknown,Unknown,Unknown,pink,Unknown,Loose fit,blue,black
01160_00.jpg,even&odd,short sleeve,round neck,purple,unknown,casual,tight fit,purple,black
01162_00.jpg,Unknown,short sleeve,round neck,white,white,casual,tight fit,gray,blonde
01164_00.jpg,Navy blue,long sleeve,v-neck,navy blue,unknown,casual,tight fit,blue,black
01165_00.jpg,Unknown,short sleeve,round neck,white,white,casual,tight fit,blue,brown
01166_00.jpg,NEW LOOK,long sleeve,v-neck,red,orange,casual,Loose fit,red,black
01167_00.jpg,Unknown,long sleeve,cowl neck,dark gray,gray,casual,tight fit,black,black
01168_00.jpg,Unknown,long sleeve,high-neck,orange,unknown,casual,tight fit,beige,brown
01170_00.jpg,Unknown,short sleeve,round neck,pink,red,casual,Loose fit,blue,brown
01173_00.jpg,Unknown,short sleeve,circle neckline,white,yellow,casual,Loose fit,blue,brown
01174_00.jpg,Unknown,short sleeve,hal neck,yellow,white,casual,tight fit,blue,brown
01177_00.jpg,Unknown,long sleeve,cowl neck,purple,orange,casual,Loose fit,red,black
01179_00.jpg,Evans,short sleeve,v-neck,black,yellow,casual,Loose fit,black,brown
01180_00.jpg,Unknown,short sleeve,scoop neck,black,unknown,casual,tight fit,black,blonde
01182_00.jpg,Unknown,long sleeve,high-neck,black,unknown,casual,tight fit,black,black
01183_00.jpg,Unknown,short sleeve,v-neck,red,unknown,casual,tight fit,black,blonde
01184_00.jpg,Unknown,long sleeve,high-neck,unknown,unknown,casual,tight fit,black,blonde
01185_00.jpg,Off-shoulder,Short sleeve,Off-the-shoulder,Black,Lace,Casual,tight fit,black,blonde
01186_00.jpg,POLO,short sleeve,round neck,white,floral,casual,tight fit,blue,black
01187_00.jpg,Ellesse,Short sleeve,Round neck,Blue,Purple,Casual,tight fit,blue,blonde
01192_00.jpg,Unknown,short sleeve,circle neckline,pink,unknown,casual,Loose fit,pink,black
01193_00.jpg,Unknown,long sleeve,v-neck,red,pink,casual,tight fit,white,blonde
01194_00.jpg,Unknown,short sleeve,circle neckline,green,pink,casual,Loose fit,red,blonde
01195_00.jpg,Unknown,short sleeve,v-neck,red,unknown,casual,tight fit,red,black
01197_00.jpg,Unknown,long sleeve,square neck,peach,beige,casual,tight fit,black,blonde
01199_00.jpg,Piaget,long sleeve,v-neck,orange,brown,casual,tight fit,black,brown
01200_00.jpg,MOS BROS,short sleeve,round neck,black,unknown,casual,tight fit,black,black
01202_00.jpg,Gap,long sleeve,scoop neck,gray,silver,casual,tight fit,white,brown
01203_00.jpg,Yellow,short sleeve,round neck,yellow,yellow,casual,Loose fit,yellow,black
01204_00.jpg,Unknown,long sleeve,t-neck,pink,yellow,casual,tight fit,white,blonde
01205_00.jpg,Unknown,short sleeve,scoop neck,orange,unknown,casual,tight fit,white,black
01206_00.jpg,Medström,long sleeve,oval neck,black,Unknown,casual,tight fit,black,blonde
01207_00.jpg,Unknown,Short sleeve,Round neck,Brown,Unknown,Casual,loose fit,black,black
01208_00.jpg,Unknown,long sleeve,v-neck,orange,unknown,casual,tight fit,blue,blonde
01209_00.jpg,Superdry,long sleeve,crew neck,black,brown,casual,tight fit,blue,blonde
01210_00.jpg,THE RAGGED ITO,long sleeve,cowl neck,black,unknown,casual,tight fit,black,blonde
01211_00.jpg,Lacoste,short sleeve,round neck,navy blue,white,casual,tight fit,navy blue,blonde
01212_00.jpg,Unknown,long sleeve,round neck,black,unknown,casual,tight fit,blue,black
01213_00.jpg,Unknown,Short sleeve,Mock neck,Black,Unknown,Casual,tight fit,black,black
01217_00.jpg,Unknown,long sleeve,v-neck,black,unknown,casual,tight fit,black,blonde
01218_00.jpg,Unknown,short sleeve,round neck,teal,teal,casual,tight fit,white,brown
01219_00.jpg,Unknown,long sleeve,v-neck,black,silver,casual,tight fit,black,brown
01220_00.jpg,Unknown,long sleeve,high-neck,black,brown,casual,Loose fit,black,black
01221_00.jpg,Unknown,Short sleeve,V-neck,Black,Unknown,Casual,tight fit,green,blonde
01222_00.jpg,Weekday,long sleeve,round neck,green,black,casual,tight fit,yellow,black
01223_00.jpg,Polo,short sleeve,crew neck,pink,green,casual,Loose fit,Pink,Blonde
01224_00.jpg,Zadig & Voltaire,short sleeve,round neck,yellow,white,casual,Loose fit,Yellow,Black
01225_00.jpg,Off-shoulder,Short sleeve,Square neckline,Black,White,Casual,tight fit,black,black
01226_00.jpg,Unknown,short sleeve,v-neck,red,orange,casual,tight fit,blue,blonde
01227_00.jpg,.object,long sleeve,v-neck,black,Unknown,casual,tight fit,black,black
01228_00.jpg,Versace Jeans Couture,short sleeve,round neck,black,gold,casual,tight fit,black,black
01230_00.jpg,EvenOdd,long sleeve,v-neck,black,Unknown,casual,tight fit,black,brown
01231_00.jpg,Unknown,long sleeve,round neck,black,unknown,casual,tight fit,black,brown
01233_00.jpg,Unknown,long sleeve,v-neck,blue,black,casual,Loose fit,black,brown
01235_00.jpg,Even&Odd,Short sleeve,V-neck,Purple,Unknown,casual,tight fit,purple,black
01236_00.jpg,Unknown,short sleeve,round neck,blue,unknown,casual,tight fit,blue,black
01238_00.jpg,Unknown,long sleeve,round neck,green,green,casual,tight fit,black,blonde
01239_00.jpg,Unknown,long sleeve,v-neck,black,Unknown,casual,tight fit,blue,brown
01241_00.jpg,Unknown,long sleeve,circle neckline,white,gray,casual,tight fit,white,brown
01244_00.jpg,Unknown,short sleeve,round neck,unknown,unknown,casual,Loose fit,Black,Blonde
01245_00.jpg,Unknown,long sleeve,v-neck,black,unknown,casual,Loose fit,black,blonde
01246_00.jpg,MONKI,long sleeve,v-neck,white,white,casual,tight fit,blue,black
01247_00.jpg,Drykorn,short sleeve,boat neckline,red,unknown,casual,Loose fit,red,black
01249_00.jpg,Unknown,short sleeve,v-neck,beige,brown,casual,Loose fit,black,blonde
01250_00.jpg,Unknown,long sleeve,v-neck,black,lace,casual,tight fit,beige,brown
01251_00.jpg,Polo,short sleeve,round neck,black,gold,casual,tight fit,black,blonde
01252_00.jpg,Unknown,long sleeve,high-neck,red,unknown,casual,tight fit,black,brown
01254_00.jpg,Pepe Jeans,long sleeve,crew neck,navy blue,white,casual,tight fit,blue,brown
01255_00.jpg,Zara,short sleeve,v-neck,black,white,casual,tight fit,white,blonde
01257_00.jpg,Unknown,long sleeve,mock neck,blue,blue,casual,tight fit,blue,brown
01258_00.jpg,Unknown,short sleeve,v-neck,orange,red,casual,Loose fit,orange,black
01259_00.jpg,Unknown,long sleeve,round neck,black,unknown,casual,tight fit,black,brown
01262_00.jpg,Nike,long sleeve,crew neck,olive green,black,casual,tight fit,black,brown
01263_00.jpg,Unknown,Short sleeve,Scoop neck,Maroon,Unknown,Casual,loose fit,red,blonde
01264_00.jpg,Unknown,long sleeve,v-neck,red,black,casual,tight fit,blue,brown
01266_00.jpg,Selected,short sleeve,v-neck,beige,orange,casual,tight fit,black,brown
01269_00.jpg,HAN KJØBENHAVN,long sleeve,cowl neck,white,black,casual,tight fit,blue,brown
01270_00.jpg,Unknown,long sleeve,v-neck,black,floral,casual,tight fit,blue,blonde
01271_00.jpg,Unknown,short sleeve,boat neck,black,unknown,casual,tight fit,black,brown
01272_00.jpg,Zizzi,short sleeve,V-neck,black,unknown,casual,tight fit,black,blonde
01273_00.jpg,Unknown,short sleeve,deep V-neck,black,gray,casual,tight fit,beige,black
01274_00.jpg,Unknown,short sleeve,v-neck,white,white,casual,tight fit,red,black
01276_00.jpg,Unknown,long sleeve,turtleneck,dark blue,unknown,casual,tight fit,blue,black
01277_00.jpg,Under Armour,long sleeve,turtleneck,blue,white,casual,tight fit,blue,black
01278_00.jpg,Unknown,short sleeve,round neck,green,green,casual,tight fit,black,brown
01279_00.jpg,Unknown,Long sleeve,Round neck,White,Unknown,Casual,tight fit,black,brown
01280_00.jpg,Unknown,short sleeve,round neck,yellow,brown,casual,tight fit,blue,brown
01281_00.jpg,Under Armour,short sleeve,round neck,black,white,casual,tight fit,black,blonde
01282_00.jpg,Unknown,long sleeve,high-neck,red,red,casual,tight fit,black,brown
01283_00.jpg,Unknown,short sleeve,round neck,pink,unknown,casual,tight fit,pink,brown
01284_00.jpg,Unknown,short sleeve,round neck,black,gray,casual,tight fit,black,black
01285_00.jpg,Polo,long sleeve,crew neck,white,gold,casual,tight fit,red,black
01286_00.jpg,LIU JO,Short sleeve,V-neck,White,Leopard print,Casual,Loose fit,black,blonde
01288_00.jpg,Unknown,long sleeve,v-neck,red,black,casual,Loose fit,black,black
01289_00.jpg,Unknown,short sleeve,round neck,white,white,casual,tight fit,beige,blonde
01290_00.jpg,Monki,long sleeve,square neckline,green,green,casual,tight fit,green,blonde
01291_00.jpg,Unknown,short sleeve,round neck,gray,white,casual,tight fit,blue,brown
01292_00.jpg,Unknown,long sleeve,v-neck,black,white,casual,tight fit,black,blonde
01294_00.jpg,Puma,short sleeve,round neck,light blue,yellow,casual,tight fit,yellow,black
01295_00.jpg,Unknown,short sleeve,v-neck,black,unknown,casual,tight fit,blue,brown
01297_00.jpg,Unknown,short sleeve,round neck,light blue,light blue,casual,tight fit,blue,blonde
01298_00.jpg,Unknown,short sleeve,round neck,gray,silver,casual,tight fit,blue,black
01299_00.jpg,Unknown,long sleeve,boat neck,red,pink,casual,tight fit,red,blonde
01300_00.jpg,Unknown,short sleeve,boatneck,white,pink,casual,tight fit,white,black
01301_00.jpg,Unknown,long sleeve,turtleneck,black,unknown,casual,tight fit,blue,blonde
01303_00.jpg,Unknown,short sleeve,v-neck,black,unknown,casual,tight fit,black,brown
01304_00.jpg,Unknown,long sleeve,v-neck,black,Unknown,casual,Loose fit,yellow,black
01305_00.jpg,Unknown,long sleeve,square neck,brown,unknown,casual,Loose fit,red,black
01306_00.jpg,Unknown,short sleeve,cowl neck,black,Unknown,casual,tight fit,black,brown
01307_00.jpg,Unknown,Three-quarter sleeve,Scoop neck,Black,Unknown,Casual,Loose fit,pink,black
01308_00.jpg,Fila,long sleeve,round neck,purple,unknown,casual,tight fit,purple,brown
01309_00.jpg,Unknown,short sleeve,round neck,black,gray,casual,tight fit,black,brown
01310_00.jpg,Unknown,long sleeve,v-neck,gray,black,casual,tight fit,brown,blonde
01311_00.jpg,Unknown,short sleeve,cowl neck,light green,light green,casual,tight fit,blue,blonde
01312_00.jpg,Unknown,short sleeve,v-neck,orange,brown,casual,tight fit,orange,blonde
01313_00.jpg,Unknown,short sleeve,v-neck,pink,white,casual,tight fit,blue,black
01314_00.jpg,Unknown,short sleeve,scoop neck,white,beige,casual,loose fit,blue,black
01315_00.jpg,Tommy Hilfiger,short sleeve,polo collar,red,white,casual,loose fit,red,blonde
01316_00.jpg,Unknown,long sleeve,high-neck,gray,black,casual,tight fit,black,blonde
01317_00.jpg,Unknown,long sleeve,circle neckline,white,pink,casual,Loose fit,black,blonde
01318_00.jpg,Black,Unknown,V-neck,Black,Lace,Casual,tight fit,blue,blonde
01319_00.jpg,Superdry,short sleeve,v-neck,red,unknown,casual,tight fit,red,black
01321_00.jpg,Unknown,short sleeve,round neck,gray,gray,casual,tight fit,black,blonde
01322_00.jpg,Unknown,short sleeve,v-neck,beige,brown,casual,tight fit,brown,blonde
01323_00.jpg,Unknown,short sleeve,round neck,red,black,casual,tight fit,blue,blonde
01324_00.jpg,Unknown,short sleeve,v-neck,white,unknown,casual,tight fit,black,black
01325_00.jpg,Unknown,short sleeve,v-neck,black,gold,casual,tight fit,black,blonde
01326_00.jpg,Unknown,short sleeve,round neck,white,white,casual,tight fit,blue,brown
01327_00.jpg,Unknown,short sleeve,round neck,white,white,casual,tight fit,beige,brown
01328_00.jpg,Hollister,short sleeve,scoop neck,light pink,white,casual,Loose fit,blue,blonde
01329_00.jpg,Unknown,long sleeve,v-neck,green,unknown,casual,tight fit,green,blonde
01330_00.jpg,Unknown,long sleeve,round neck,black,red,casual,tight fit,black,red
01331_00.jpg,Unknown,short sleeve,v-neck,silver,silver,casual,Loose fit,silver,black
01332_00.jpg,Even&Odd,short sleeve,round neck,white,yellow,casual,tight fit,blue,brown
01333_00.jpg,Unknown,Short Sleeve,Crew Neck,Gray,White,Casual,tight fit,purple,black
01335_00.jpg,Unknown,long sleeve,boat neck,yellow,red,casual,tight fit,yellow,black
01336_00.jpg,Unknown,long sleeve,circle neckline,red,navy blue,casual,tight fit,blue,black
01338_00.jpg,Pieces,short sleeve,scoop neck,white,black,casual,tight fit,blue,brown
01339_00.jpg,Unknown,short sleeve,round neck,black,unknown,casual,loose fit,black,blonde
01340_00.jpg,Hollister,short sleeve,round neck,gray,white,casual,tight fit,black,brown
01342_00.jpg,Unknown,sleeveless,round neck,black,unknown,casual,loose fit,black,blonde
01343_00.jpg,Reebok,short sleeve,round neck,white,blue,casual,Loose fit,blue,black
01344_00.jpg,Unknown,short sleeve,circle neckline,yellow,unknown,casual,tight fit,white,blonde
01345_00.jpg,Unknown,short sleeve,mock neck,gray,gray,casual,tight fit,black,blonde
01346_00.jpg,Unknown,short sleeve,round neck,orange,unknown,casual,tight fit,orange,blonde
01347_00.jpg,Unknown,short sleeve,boat neck,teal,teal,casual,tight fit,green,black
01348_00.jpg,Given & Co.,short sleeve,crew neck,white,gray,casual,tight fit,blue,black
01349_00.jpg,KIOMI,Short sleeve,Round neck,White,Orange,Casual,tight fit,blue,brown
01351_00.jpg,Unknown,short sleeve,v-neck,black,unknown,casual,tight fit,black,blonde
01353_00.jpg,Unknown,short sleeve,deep V-neck,light blue,white,casual,tight fit,white,black
01354_00.jpg,Unknown,long sleeve,v-neck,navy,green,casual,tight fit,black,brown
01355_00.jpg,Tommy Jeans,short sleeve,v-neck,white,red,casual,tight fit,blue,brown
01356_00.jpg,Unknown,long sleeve,crew neck,olive,gray,casual,tight fit,white,black
01358_00.jpg,Obey,short sleeve,round neck,white,multicolored,casual,tight fit,black,blonde
01361_00.jpg,Topshop,short sleeve,round neck,white,beige,casual,tight fit,blue,brown
01362_00.jpg,Unknown,short sleeve,cowl neck,black,Unknown,casual,tight fit,black,blonde
01363_00.jpg,Unknown,short sleeve,v-neck,black,white,casual,tight fit,white,black
01364_00.jpg,Champion,short sleeve,round neck,gray,blue,casual,Loose fit,blue,brown
01366_00.jpg,Pepe Jeans,short sleeve,round neck,green,light green,casual,tight fit,green,blonde
01367_00.jpg,Unknown,long sleeve,round neck,black,red,casual,tight fit,black,black
01368_00.jpg,Unknown,short sleeve,round neck,dark blue,white,casual,tight fit,gray,brown
01369_00.jpg,even ooo,long sleeve,boat neck,orange,unknown,casual,tight fit,orange,brown
01370_00.jpg,Unknown,long sleeve,turtleneck,black,Unknown,casual,tight fit,black,brown
01371_00.jpg,Unknown,short sleeve,round neck,white,white,casual,tight fit,blue,black
01372_00.jpg,Unknown,short sleeve,strapless,black,Unknown,casual,tight fit,black,blonde
01373_00.jpg,Fila,short sleeve,round neck,black,white,casual,Loose fit,black,black
01374_00.jpg,Unknown,Short sleeve,Round neck,Black,Unknown,Casual,tight fit,black,brown
01375_00.jpg,Selected,long sleeve,v-neck,white,gold,casual,tight fit,black,blonde
01377_00.jpg,.object,long sleeve,v-neck,pink,pale pink,casual,tight fit,black,blonde
01378_00.jpg,Zizzi,long sleeve,v-neck,dark blue,white,casual,loose fit,blue,blonde
01380_00.jpg,Unknown,Short sleeve,Round neck,Black,Unknown,Casual,loose fit,black,blonde
01381_00.jpg,Max&Co.,short sleeve,round neck,white,unknown,casual,tight fit,navy blue,black
01383_00.jpg,Fila,short sleeve,round neck,black,red,casual,Loose fit,white,black
01384_00.jpg,Unknown,short sleeve,cowl neck,black,unknown,casual,tight fit,black,black
01385_00.jpg,Unknown,long sleeve,high-neck,black,Unknown,casual,tight fit,black,brown
01387_00.jpg,Unknown,sleeveless,v-neck,light pink,white,casual,tight fit,black,black
01388_00.jpg,Unknown,long sleeve,boat neck,black,unknown,casual,tight fit,black,brown
01389_00.jpg,G-Star,short sleeve,round neck,black,white,casual,Loose fit,black,brown
01391_00.jpg,Unknown,short sleeve,v-neck,white,black,casual,tight fit,black,brown
01392_00.jpg,Unknown,short sleeve,round neck,gray,white,casual,tight fit,white,blonde
01393_00.jpg,Unknown,long sleeve,circle neckline,pink,unknown,casual,Loose fit,Pink,Black
01394_00.jpg,Even Sogd,short sleeve,round neck,white,green,casual,Loose fit,red,black
01395_00.jpg,Unknown,Short sleeve,V-neck,Black,Lace,Casual,tight fit,black,black
01396_00.jpg,Unknown,short sleeve,scoop neck,teal,teal,casual,Loose fit,blue,blonde
01397_00.jpg,Under Armour,long sleeve,cowl neck,navy blue,black,casual,tight fit,black,blonde
01398_00.jpg,Unknown,long sleeve,v-neck,white,white,casual,tight fit,black,blonde
01400_00.jpg,Unknown,long sleeve,turtleneck,dark gray,gray,casual,tight fit,gray,black
01401_00.jpg,s.Ol,short sleeve,boat neck,white,black,casual,tight fit,black,blonde
01402_00.jpg,Superdry,short sleeve,round neck,pink,black,casual,Loose fit,black,blonde
01404_00.jpg,Levi's,long sleeve,scoop neck,blue,white,casual,tight fit,blue,black
01405_00.jpg,Puma,long sleeve,crew neck,yellow,white,casual,tight fit,yellow,black
01406_00.jpg,JOY,short sleeve,scoop neck,black,lace,casual,tight fit,black,blonde
01407_00.jpg,Unknown,long sleeve,round neck,navy,yellow,casual,tight fit,blue,black
01408_00.jpg,Unknown,short sleeve,v-neck,gray,gray,casual,loose fit,gray,black
01411_00.jpg,Superdry,Three-quarter sleeve,Round neck,Pale pink,Black,Casual,Loose fit,pink,black
01413_00.jpg,Versace Jeans Couture,short sleeve,round neck,black,silver,casual,tight fit,black,brown
01414_00.jpg,Unknown,short sleeve,mock neck,black,unknown,casual,tight fit,black,blonde
01415_00.jpg,Unknown,short sleeve,scoop neck,navy blue,unknown,casual,tight fit,blue,brown
01418_00.jpg,Clée Monaco,sleeveless,v-neck,light blue,white,casual,tight fit,blue,black
01419_00.jpg,Unknown,short sleeve,round neck,pink,beige,casual,Loose fit,black,blonde
01420_00.jpg,Unknown,short sleeve,high-neck,black,unknown,casual,tight fit,black,brown
01421_00.jpg,Unknown,long sleeve,v-neck,pink,black,casual,Loose fit,red,black
01422_00.jpg,Reebok,short sleeve,scoop neck,light pink,white,casual,tight fit,blue,brown
01423_00.jpg,Pisces,short sleeve,round neck,black,gold,casual,tight fit,black,brown
01424_00.jpg,Unknown,short sleeve,circle neckline,black,red,casual,tight fit,white,black
01425_00.jpg,Missguided,short sleeve,polo collar,orange,orange,casual,Loose fit,Orange,Blonde
01426_00.jpg,Unknown,short sleeve,off-shoulder,black,white,casual,tight fit,blue,blonde
01427_00.jpg,Unknown,long sleeve,round neck,black,lace,casual,tight fit,black,black
01431_00.jpg,Unknown,short sleeve,hal,black,white,casual,tight fit,black,blonde
01432_00.jpg,Filppa K,Three-Quarter Sleeve,Scoop Neck,White,Unknown,Casual,tight fit,blue,black
01434_00.jpg,Unknown,long sleeve,v-neck,pink,beige,casual,Loose fit,red,blonde
01435_00.jpg,Polo Ralph Lauren,short sleeve,polo collar,black,white,casual,tight fit,black,blonde
01436_00.jpg,Unknown,short sleeve,mock neck,light blue,light blue,casual,Loose fit,blue,blonde
01437_00.jpg,Unknown,Short sleeve,Round neck,Navy blue,Navy blue,Casual,tight fit,brown,black
01438_00.jpg,Champion,short sleeve,round neck,white,red,casual,tight fit,navy blue,brown
01443_00.jpg,Under Armour,short sleeve,scoop neck,black,red,casual,tight fit,black,brown
01444_00.jpg,Unknown,long sleeve,r-neck,navy,pink,casual,tight fit,white,black
01445_00.jpg,Unknown,short sleeve,round neck,gray,unknown,casual,Loose fit,blue,blonde
01448_00.jpg,MONKI,long sleeve,cowl neck,purple,pink,casual,tight fit,blue,pink
01450_00.jpg,Unknown,short sleeve,v-neck,white,unknown,casual,tight fit,beige,black
01451_00.jpg,Unknown,short sleeve,boat neck,white,gold,casual,tight fit,blue,brown
01452_00.jpg,Unknown,long sleeve,high-neck,black,yellow,casual,tight fit,green,black
01453_00.jpg,Michael & More,short sleeve,v-neck,teal,teal,casual,tight fit,blue,blonde
01454_00.jpg,Unknown,Long sleeve,Round neck,Black,Gray,Casual,tight fit,blue,black
01455_00.jpg,Aware,long sleeve,round neck,gray,unknown,casual,tight fit,blue,black
01456_00.jpg,Unknown,short sleeve,round neck,pink,pink,casual,Loose fit,red,blonde
01457_00.jpg,j_crew,short sleeve,v-neck,green,green,casual,tight fit,green,brown
01458_00.jpg,J Crew,short sleeve,scoop neck,green,green,casual,tight fit,green,blonde
01459_00.jpg,Converse,long sleeve,cowl neck,green,unknown,casual,tight fit,yellow,black
01460_00.jpg,Unknown,short sleeve,round neck,white,black,casual,tight fit,white,black
01461_00.jpg,Unknown,long sleeve,v-neck,black,black,casual,tight fit,black,brown
01462_00.jpg,Unknown,long sleeve,cowl neck,black,pink,casual,tight fit,blue,brown
01464_00.jpg,Unknown,long sleeve,v-neck,gray,gray,casual,loose fit,gray,blonde
01465_00.jpg,Unknown,short sleeve,v-neck,navy blue,lace,casual,tight fit,purple,blonde
01466_00.jpg,Unknown,long sleeve,v-neck,white,red,casual,tight fit,red,blonde
01467_00.jpg,Unknown,short sleeve,square neck,white,white,casual,tight fit,white,brown
01468_00.jpg,ONLY,Short sleeve,Scoop neck,Black,Unknown,Casual,tight fit,red,black
01469_00.jpg,Unknown,short sleeve,round neck,gray,blue,casual,tight fit,red,blonde
01471_00.jpg,Unknown,short sleeve,round neck,green,green,casual,Loose fit,green,blonde
01472_00.jpg,Unknown,short sleeve,round neck,black,white,casual,Loose fit,black,blonde
01473_00.jpg,Unknown,short sleeve,round neck,white,white,casual,Loose fit,red,black
01475_00.jpg,Unknown,short sleeve,v-neck,black,gray,casual,tight fit,blue,black
01476_00.jpg,Unknown,short sleeve,v-neck,purple,red,casual,tight fit,blue,brown
01477_00.jpg,Vintage Cotton,long sleeve,scoop neck,black,unknown,casual,tight fit,black,brown
01478_00.jpg,Unknown,long sleeve,scoop neck,black,unknown,casual,tight fit,black,brown
01479_00.jpg,Calvin Klein,short sleeve,round neck,gray,white,casual,tight fit,black,brown
01480_00.jpg,Lauren,short sleeve,crew neck,white,blue,casual,Loose fit,blue,black
01481_00.jpg,Unknown,short sleeve,round neck,pink,light pink,casual,Loose fit,Pink,Brown
01484_00.jpg,Superdry,short sleeve,scoop neck,white,pink,casual,tight fit,black,black
01485_00.jpg,Unknown,short sleeve,circle neck,yellow,orange,casual,Loose fit,yellow,blonde
01487_00.jpg,Unknown,short sleeve,round neck,black,unknown,casual,loose fit,blue,blonde
01489_00.jpg,Unknown,long sleeve,v-neck,purple,red,casual,tight fit,red,blonde
01490_00.jpg,Unknown,short sleeve,high neck,orange,white,casual,tight fit,blue,brown
01491_00.jpg,Unknown,Three-quarter sleeve,V-neck,Peach,White lace,Casual,Loose fit,Black,Blonde
01492_00.jpg,Unknown,sleeveless,round neck,white,unknown,casual,tight fit,white,blonde
01494_00.jpg,Unknown,short sleeve,circle neckline,yellow,unknown,casual,Loose fit,green,black
01495_00.jpg,Unknown,long sleeve,crew neck,black,Unknown,casual,tight fit,black,brown
01496_00.jpg,Levi's,short sleeve,v-neck,navy blue,red,casual,tight fit,blue,blonde
01497_00.jpg,Unknown,long sleeve,off-shoulder,green,white,casual,Loose fit,green,blonde
01498_00.jpg,Given Noodo,long sleeve,V-neck,yellow,unknown,casual,tight fit,white,black
01499_00.jpg,Comma,Short sleeve,V-neck,Black,Unknown,Casual,tight fit,black,blonde
01501_00.jpg,Unknown,long sleeve,high-neck,pink,unknown,casual,Loose fit,Pink,Black
01502_00.jpg,Fila,long sleeve,round neck,yellow,red,casual,Loose fit,yellow,black
01505_00.jpg,Unknown,short sleeve,round neck,white,black,casual,tight fit,blue,brown
01506_00.jpg,Unknown,short sleeve,V-neck,white,blue,casual,tight fit,blue,black
01507_00.jpg,Unknown,long sleeve,v-neck,red,red,casual,tight fit,red,black
01508_00.jpg,Unknown,long sleeve,v-neck,white,unknown,casual,tight fit,yellow,brown
01510_00.jpg,Tiger Mist,long sleeve,boat neck,black,Unknown,casual,tight fit,black,black
01511_00.jpg,Selected,long sleeve,v-neck,dark blue,unknown,casual,tight fit,blue,blonde
01512_00.jpg,Unknown,long sleeve,v-neck,gray,gray,casual,tight fit,olive green,blonde
01513_00.jpg,G-Star Raw,short sleeve,scoop neck,black,rainbow,casual,tight fit,blue,brown
01515_00.jpg,True Religion,short sleeve,v-neck,pink,unknown,casual,loose fit,pink,blonde
01516_00.jpg,OBJECT,long sleeve,v-neck,black,Unknown,casual,tight fit,white,blonde
01519_00.jpg,Unknown,sleeveless,mock neck,white,neon green,casual,tight fit,blue,blonde
01520_00.jpg,Unknown,short sleeve,v-neck,white,pink,casual,tight fit,white,brown
01521_00.jpg,Unknown,sleeveless,scoop neck,black,unknown,casual,tight fit,black,blonde
01522_00.jpg,Michael Kors,short sleeve,round neck,light blue,light blue,casual,Loose fit,blue,blonde
01523_00.jpg,Jacqueline de Yong,Short sleeve,V-neck,Dark green,Unknown,Formal,tight fit,green,black
01524_00.jpg,Unknown,long sleeve,v-neck,red,red,casual,tight fit,red,black
01525_00.jpg,Unknown,long sleeve,v-neck,yellow,black,casual,Loose fit,Black,Blonde
01526_00.jpg,GUESS,long sleeve,v-neck,pink,black,casual,tight fit,black,blonde
01529_00.jpg,Unknown,short sleeve,round neck,black,unknown,casual,tight fit,blue,black
01530_00.jpg,Ted Baker,short sleeve,crew neck,white,green,casual,Loose fit,blue,black
01531_00.jpg,Unknown,short sleeve,v-neck,black,black,casual,tight fit,black,black
01532_00.jpg,Unknown,sleeveless,high-neck,white,unknown,casual,tight fit,blue,black
01533_00.jpg,G-Star,short sleeve,round neck,dark blue,white,casual,tight fit,blue,blonde
01534_00.jpg,Unknown,short sleeve,deep V-neckline,black,Unknown,casual,tight fit,black,brown
01535_00.jpg,Unknown,short sleeve,round neck,blue,unknown,casual,loose fit,blue,blonde
01536_00.jpg,Unknown,long sleeve,collar,teal,gray,casual,tight fit,blue,black
01537_00.jpg,Unknown,short sleeve,round neck,blue,unknown,casual,tight fit,blue,brown
01538_00.jpg,Unknown,sleeveless,v-neck,red,unknown,casual,tight fit,red,brown
01539_00.jpg,Unknown,short sleeve,cowl neck,black,unknown,informal,tight fit,black,brown
01540_00.jpg,Unknown,short sleeve,scoop neck,dark blue,unknown,casual,tight fit,blue,black
01541_00.jpg,Orange,short sleeve,round neck,orange,unknown,casual,tight fit,orange,blonde
01545_00.jpg,Verona,long sleeve,round neck,blue,gray,casual,tight fit,blue,brown
01546_00.jpg,Unknown,Short sleeve,Scoop neck,White,Unknown,Casual,Loose fit,white,blonde
01547_00.jpg,Reebok,long sleeve,V-neck,green,black,casual,Loose fit,green,black
01548_00.jpg,Unknown,short sleeve,mock neck,white,white,casual,tight fit,black,blonde
01549_00.jpg,Unknown,short sleeve,hal neck,red,unknown,casual,tight fit,red,black
01550_00.jpg,Unknown,short sleeve,round neck,white,blue,casual,tight fit,black,brown
01551_00.jpg,Unknown,short sleeve,high neck,red,unknown,casual,tight fit,red,black
01552_00.jpg,Unknown,short sleeve,square neck,beige,light pink,casual,tight fit,blue,blonde
01553_00.jpg,Unknown,short sleeve,v-neck,yellow,yellow,casual,tight fit,yellow,black
01555_00.jpg,Unknown,short sleeve,round neck,blue,yellow,casual,tight fit,yellow,black
01558_00.jpg,Unknown,short sleeve,circle neckline,black,multicolored,casual,Loose fit,black,brown
01559_00.jpg,Unknown,long sleeve,v-neck,teal,teal,casual,tight fit,green,black
01561_00.jpg,Maternity,long sleeve,round neck,yellow,blue,casual,Loose fit,yellow,black
01562_00.jpg,Unknown,long sleeve,turtleneck,black,orange,casual,tight fit,black,black
01563_00.jpg,Unknown,long sleeve,v-neck,white,white,casual,tight fit,blue,black
01566_00.jpg,Unknown,short sleeve,v-neck,yellow,unknown,casual,tight fit,blue,black
01567_00.jpg,The North Face,short sleeve,round neck,light blue,cyan,casual,Loose fit,blue,blonde
01568_00.jpg,Unknown,short sleeve,v-neck,white,leopard print,casual,tight fit,black,black
01570_00.jpg,G-Star,short sleeve,v-neck,black,white,casual,Loose fit,black,brown
01572_00.jpg,American Vintage,long sleeve,crew neck,white,gray,casual,tight fit,blue,black
01573_00.jpg,Selected,short sleeve,round neck,pink,no secondary color,casual,Loose fit,Pink,Black
01574_00.jpg,Unknown,long sleeve,v-neck,red,red,formal,tight fit,red,brown
01576_00.jpg,Unknown,short sleeve,polo collar,black,blue,casual,tight fit,blue,blonde
01577_00.jpg,Unknown,short sleeve,circle neckline,pink,white,casual,Loose fit,red,black
01578_00.jpg,casall,long sleeve,crew neck,navy,white,casual,tight fit,blue,blonde
01580_00.jpg,Unknown,short sleeve,v-neck,pink,red,casual,tight fit,blue,blonde
01582_00.jpg,Unknown,short sleeve,scoop neck,white,gray,casual,tight fit,black,blonde
01583_00.jpg,Unknown,long sleeve,v-neck,brown,unknown,casual,tight fit,brown,black
01584_00.jpg,Unknown,short sleeve,round neck,pink,red,casual,Loose fit,red,black
01585_00.jpg,Under Armour,short sleeve,round neck,white,white,casual,tight fit,navy blue,brown
01586_00.jpg,Polo Ralph Lauren,short sleeve,round neck,light blue,green,casual,tight fit,tan,brown
01587_00.jpg,Evaars,short sleeve,v-neck,black,white,casual,tight fit,black,blonde
01588_00.jpg,Off-shoulder,short sleeve,v-neck,black,unknown,casual,tight fit,blue,blonde
01589_00.jpg,Unknown,short sleeve,round neck,gray,red,casual,tight fit,black,blonde
01590_00.jpg,Unknown,long sleeve,round neck,white,green,casual,tight fit,blue,black
01591_00.jpg,Samsøe Samsøe,short sleeve,round neck,black,unknown,casual,tight fit,black,brown
01592_00.jpg,Unknown,short sleeve,round neck,red,unknown,casual,tight fit,red,black
01593_00.jpg,Unknown,long sleeve,round neck,white,white,casual,tight fit,gray,blonde
01595_00.jpg,Unknown,long sleeve,round neck,black,unknown,casual,tight fit,black,blonde
01597_00.jpg,Max & Co.,short sleeve,crew neck,white,yellow,casual,Loose fit,white,black
01599_00.jpg,Hollister,short sleeve,polo collar,white,black,casual,tight fit,blue,black
01600_00.jpg,Unknown,short sleeve,round neck,maroon,maroon,casual,tight fit,pink,brown
01601_00.jpg,Unknown,short sleeve,round neck,white,white,casual,tight fit,blue,blonde
01602_00.jpg,Unknown,short sleeve,crew neck,black,white,casual,loose fit,blue,blonde
01603_00.jpg,Unknown,short sleeve,round neck,pink,light pink,casual,tight fit,white,blonde
01604_00.jpg,Unknown,short sleeve,v-neck,white,white,casual,tight fit,white,brown
01605_00.jpg,Esprit,short sleeve,v-neck,mint green,mint green,casual,loose fit,green,blonde
01606_00.jpg,WEST,short sleeve,round neck,black,black,casual,tight fit,black,black
01608_00.jpg,Villa,long sleeve,v-neck,green,green,casual,tight fit,black,brown
01610_00.jpg,Unknown,long sleeve,boat neck,white,black,casual,Loose fit,Black,Blonde
01611_00.jpg,JOY,short sleeve,mock neck,white,white,casual,tight fit,beige,black
01612_00.jpg,Desigual,long sleeve,round neck,blue,pink,casual,loose fit,blue,black
01613_00.jpg,Unknown,short sleeve,cowl neck,white,pink,casual,tight fit,blue,brown
01614_00.jpg,Unknown,long sleeve,v-neck,blue,black,casual,loose fit,blue,blonde
01616_00.jpg,Unknown,short sleeve,round neck,white,rainbow,casual,Loose fit,black,black
01617_00.jpg,Tommy,short sleeve,v-neck,black,red,casual,tight fit,blue,brown
01618_00.jpg,New Look,short sleeve,round neck,white,pink,casual,tight fit,black,brown
01620_00.jpg,Unknown,short sleeve,scoop neck,blue,white,casual,tight fit,white,brown
01621_00.jpg,Unknown,short sleeve,boat neck,yellow,unknown,casual,tight fit,blue,brown
01623_00.jpg,Unknown,short sleeve,round neck,black,gray,casual,tight fit,black,brown
01627_00.jpg,VIIZO,long sleeve,v-neck,black,Unknown,casual,tight fit,blue,blonde
01628_00.jpg,Unknown,short sleeve,circle neckline,purple,yellow,unknown,Loose fit,purple,black
01629_00.jpg,Unknown,short sleeve,circle neckline,yellow,yellow,casual,tight fit,black,brown
01631_00.jpg,Limmare,three-quarter sleeve,v-neck,orange,orange,casual,tight fit,blue,black
01632_00.jpg,Unknown,short sleeve,round neck,dark blue,unknown,casual,tight fit,blue,blonde
01633_00.jpg,Unknown,short sleeve,round neck,white,black,casual,tight fit,black,brown
01634_00.jpg,Unknown,short sleeve,v-neck,dark green,black,casual,tight fit,green,blonde
01635_00.jpg,Medström,long sleeve,V-neck,brown,gray,casual,tight fit,black,black
01636_00.jpg,Pepe Jeans,long sleeve,boat neck,white,gray,casual,tight fit,green,brown
01637_00.jpg,Unknown,long sleeve,boat neckline,black,unknown,casual,tight fit,black,brown
01638_00.jpg,Unknown,long sleeve,crew neck,navy blue,unknown,casual,tight fit,blue,black
01639_00.jpg,Unknown,sleeveless,round neck,dark blue,black,casual,tight fit,yellow,blonde
01642_00.jpg,Hango,short sleeve,round neck,green,green,casual,tight fit,green,blonde
01643_00.jpg,Oasis,long sleeve,round neck,pink,red,casual,Loose fit,black,blonde
01646_00.jpg,Tommy Hilfiger,short sleeve,round neck,gray,white,casual,tight fit,gray,brown
01648_00.jpg,Unknown,long sleeve,v-neck,pale gray,gray,casual,tight fit,white,brown
01649_00.jpg,Nike,short sleeve,V-neck,white,black,casual,tight fit,blue,blonde
01650_00.jpg,Unknown,short sleeve,v-neck,pink,gray,casual,tight fit,pink,brown
01651_00.jpg,Unknown,long sleeve,v-neck,black,black,casual,tight fit,black,blonde
01652_00.jpg,Unknown,Off-shoulder,Unknown,Black,Unknown,Casual,tight fit,orange,black
01653_00.jpg,Unknown,long sleeve,v-neck,navy,pink,summer,tight fit,beige,blonde
01654_00.jpg,Unknown,long sleeve,round neck,gray,black,casual,tight fit,black,blonde
01655_00.jpg,Calvin Klein,short sleeve,crew neck,black,white,casual,Loose fit,blue,black
01657_00.jpg,Unknown,short sleeve,round neck,green,green,casual,tight fit,black,blonde
01658_00.jpg,Tommy Hilfiger,long sleeve,v-neck,white,red,casual,tight fit,blue,black
01659_00.jpg,Future Is Female,short sleeve,round neck,black,white,casual,tight fit,black,brown
01660_00.jpg,Lee,short sleeve,round neck,white,black,casual,Loose fit,white,blonde
01661_00.jpg,Unknown,short sleeve,scoop neck,black,pink,casual,tight fit,white,blonde
01662_00.jpg,Unknown,long sleeve,cowl neck,black,pink,casual,tight fit,blue,brown
01663_00.jpg,Gap,short sleeve,round neck,orange,pink,casual,Loose fit,orange,blonde
01664_00.jpg,Guess,short sleeve,round neck,black,red,casual,tight fit,black,blonde
01665_00.jpg,Unknown,short sleeve,crossover neckline,yellow,white,casual,tight fit,black,brown
01666_00.jpg,EvenOdd,sleeveless,v-neck,white,blue,casual,tight fit,black,brown
01667_00.jpg,Unknown,long sleeve,v-neck,pink,red,casual,Loose fit,red,black
01668_00.jpg,Unknown,long sleeve,v-neck,green,unknown,casual,tight fit,black,black
01669_00.jpg,Unknown,short sleeve,v-neck,blue,unknown,casual,tight fit,blue,blonde
01671_00.jpg,Unknown,long sleeve,t-neck,yellow,orange,casual,tight fit,yellow,black
01672_00.jpg,Abercrombie & Fitch,Short sleeve,V-neck,Black,Unknown,Casual,tight fit,blue,brown
01674_00.jpg,Unknown,short sleeve,round neck,white,pink,casual,Loose fit,blue,black
01675_00.jpg,Unknown,long sleeve,v-neck,black,pink,casual,tight fit,yellow,brown
01676_00.jpg,Fila,short sleeve,mock neck,white,red,casual,tight fit,black,blonde
01677_00.jpg,Diane Von Furstenberg,sleeveless,round neck,navy blue,white,casual,tight fit,white,blonde
01679_00.jpg,Adidas,Short sleeve,Round neck,Black,White,Casual,tight fit,black,brown
01680_00.jpg,Adidas,Short sleeve,Round neck,Black,White,Casual,tight fit,black,brown
01681_00.jpg,MISSCHICED,short sleeve,round neck,black,Unknown,casual,tight fit,black,blonde
01682_00.jpg,Edited,short sleeve,round neck,white,brown,casual,loose fit,white,blonde
01683_00.jpg,Unknown,short sleeve,v-neck,navy blue,unknown,casual,tight fit,blue,blonde
01684_00.jpg,Unknown,Short Sleeve,High Neck,White,Brown,Casual,tight fit,black,black
01685_00.jpg,Under Armour,sleeveless,round neck,blue,gold,casual,tight fit,blue,black
01686_00.jpg,Unknown,short sleeve,round neck,red,unknown,casual,tight fit,red,black
01687_00.jpg,Tommy Sport,sleeveless,round neck,orange,unknown,casual,tight fit,red,black
01688_00.jpg,Black,long sleeve,v-neck,black,unknown,casual,tight fit,black,blonde
01690_00.jpg,Unknown,long sleeve,v-neck,black,Unknown,casual,tight fit,black,brown
01692_00.jpg,Unknown,short sleeve,v-neck,white,unknown,casual,tight fit,beige,brown
01693_00.jpg,somewhats,short sleeve,round neck,green,black,casual,tight fit,green,brown
01694_00.jpg,Unknown,short sleeve,round neck,blue,unknown,casual,Loose fit,blue,black
01695_00.jpg,Unknown,short sleeve,v-neck,green,white,casual,Loose fit,green,blonde
01697_00.jpg,Unknown,short sleeve,round neck,black,white,casual,tight fit,blue,brown
01698_00.jpg,Unknown,short sleeve,round neck,white,black,casual,tight fit,black,brown
01699_00.jpg,Quiksilver,short sleeve,round neck,white,rainbow,casual,tight fit,black,red
01700_00.jpg,Unknown,long sleeve,v-neck,black,lace,casual,tight fit,black,blonde
01701_00.jpg,Evon&Oddi,short sleeve,round neck,white,multicolored,casual,Loose fit,Cream,Black
01703_00.jpg,Unknown,short sleeve,round neck,orange,orange,casual,tight fit,red,blonde
01704_00.jpg,Unknown,short sleeve,v-neck,white,white,casual,tight fit,black,blonde
01706_00.jpg,Zalando,Short sleeve,Round neck,White,Unknown,casual,loose fit,white,black
01707_00.jpg,Zara,long sleeve,boat neck,black,glittery,casual,tight fit,black,brown
01709_00.jpg,Kickers,short sleeve,round neck,red,black,casual,Loose fit,red,pink
01710_00.jpg,Unknown,long sleeve,v-neck,black,Unknown,casual,tight fit,black,black
01714_00.jpg,Unknown,short sleeve,round neck,black,unknown,casual,tight fit,blue,brown
01715_00.jpg,Unknown,short sleeve,v-neck,black,silver,casual,tight fit,black,black
01716_00.jpg,Unknown,short sleeve,round neck,white,white,casual,Loose fit,white,blonde
01717_00.jpg,Unknown,long sleeve,v-neck,red,unknown,casual,tight fit,red,blonde
01718_00.jpg,Unknown,Short sleeve,Scoop neck,White,Silver,Casual,tight fit,gray,brown
01719_00.jpg,Mark O'Polo,short sleeve,round neck,blue,white,casual,Loose fit,blue,blonde
01720_00.jpg,Unknown,long sleeve,v-neck,red,pink,casual,tight fit,black,blonde
01721_00.jpg,Unknown,long sleeve,high-neck,black,Unknown,casual,tight fit,yellow,brown
01722_00.jpg,Hummel,Long sleeve,Round neck,Navy blue,White,Casual,tight fit,silver,brown
01723_00.jpg,Unknown,long sleeve,v-neck,gray,light gray,casual,tight fit,black,blonde
01725_00.jpg,Unknown,short sleeve,v-neck,white,white,casual,tight fit,black,blonde
01726_00.jpg,Unknown,long sleeve,v-neck,white,unknown,casual,Loose fit,red,black
01728_00.jpg,Unknown,long sleeve,circle neckline,navy,yellow,casual,tight fit,black,brown
01729_00.jpg,Unknown,short sleeve,v-neck,black,unknown,casual,tight fit,black,black
01730_00.jpg,Puma,short sleeve,round neck,white,red,casual,Loose fit,black,brown
01732_00.jpg,Vita,short sleeve,round neck,white,white,casual,tight fit,white,blonde
01733_00.jpg,Unknown,long sleeve,v-neck,gray,gray,casual,tight fit,black,brown
01734_00.jpg,Unknown,short sleeve,square neck,black,unknown,casual,tight fit,black,brown
01735_00.jpg,Unknown,short sleeve,square neck,black,unknown,casual,tight fit,black,brown
01736_00.jpg,Unknown,long sleeve,v-neck,navy,green,casual,tight fit,white,blonde
01737_00.jpg,Unknown,long sleeve,square neck,orange,unknown,casual,tight fit,orange,blonde
01738_00.jpg,Levi's,short sleeve,round neck,pink,pink,casual,Loose fit,Pink,Black
01739_00.jpg,Unknown,long sleeve,v-neck,red,Unknown,casual,tight fit,red,brown
01742_00.jpg,Finnisa,three-quarter sleeve,round neck,dark blue,unknown,casual,tight fit,blue,black
01743_00.jpg,Unknown,long sleeve,v-neck,white,white,casual,tight fit,red,black
01744_00.jpg,Unknown,short sleeve,v-neck,green,mint,casual,tight fit,black,blonde
01746_00.jpg,Unknown,short sleeve,round neck,white,unknown,casual,tight fit,black,blonde
01747_00.jpg,Unknown,short sleeve,v-neck,yellow,unknown,casual,tight fit,yellow,black
01749_00.jpg,AllSaints,short sleeve,round neck,green,white,casual,tight fit,black,brown
01750_00.jpg,Anna Field,sleeveless,round neck,teal,blue,casual,tight fit,black,blonde
01751_00.jpg,Unknown,short sleeve,cowl neck,pink,cream,casual,tight fit,red,black
01752_00.jpg,Unknown,short sleeve,round neck,black,yellow,casual,Loose fit,black,blonde
01756_00.jpg,Unknown,short sleeve,v-neck,blue,white,casual,tight fit,blue,brown
01757_00.jpg,Ellesse,Short sleeve,Round neck,Navy blue,White,Casual,Loose fit,black,blonde
01758_00.jpg,Zara,Three-quarter sleeve,V-neck,Black,Pink,Casual,Loose fit,black,brown
01759_00.jpg,Unknown,sleeveless,v-neck,blue,unknown,casual,tight fit,blue,brown
01760_00.jpg,Unknown,short sleeve,cowl neck,white,unknown,casual,tight fit,green,brown
01761_00.jpg,MissChoco,long sleeve,round neck,yellow,neon yellow,casual,Loose fit,green,blonde
01762_00.jpg,Unknown,short sleeve,square neck,black,unknown,casual,tight fit,white,black
01763_00.jpg,Unknown,long sleeve,v-neck,white,unknown,casual,tight fit,blue,blonde
01765_00.jpg,Even,short sleeve,v-neck,white,black,casual,tight fit,white,black
01766_00.jpg,Unknown,short sleeve,boat neck,black,unknown,casual,tight fit,black,black
01769_00.jpg,Unknown,long sleeve,v-neck,black,white,casual,tight fit,black,brown
01770_00.jpg,Opus,short sleeve,round neck,green,black,casual,tight fit,black,blonde
01771_00.jpg,Esprit,short sleeve,v-neck,black,unknown,casual,tight fit,beige,blonde
01772_00.jpg,Dorothy Perkins,short sleeve,round neck,black,silver,casual,tight fit,black,blonde
01773_00.jpg,Unknown,long sleeve,v-neck,black,gray,casual,tight fit,gray,black
01774_00.jpg,Gap,long sleeve,round neck,white,blue,casual,tight fit,black,brown
01775_00.jpg,Unknown,short sleeve,round neck,black,brown,casual,tight fit,blue,brown
01776_00.jpg,Unknown,short sleeve,round neck,black,white,casual,loose fit,black,blonde
01777_00.jpg,Zizi,short sleeve,round neck,white,green,casual,Loose fit,black,blonde
01778_00.jpg,Isabel Me,short sleeve,round neck,white,black,casual,tight fit,white,blonde
01779_00.jpg,Hollister,short sleeve,polo collar,olive green,pink,casual,tight fit,green,black
01781_00.jpg,Zizzi,short sleeve,round neck,white,white,casual,tight fit,black,brown
01782_00.jpg,Selected,short sleeve,round neck,orange,unknown,casual,Loose fit,orange,blonde
01783_00.jpg,Selected,short sleeve,v-neck,navy blue,black,casual,tight fit,green,brown
01784_00.jpg,MSGD,Short sleeve,Racerback,White,Unknown,casual,tight fit,blue,blonde
01785_00.jpg,Levi's,short sleeve,round neck,red,white,casual,Loose fit,red,blonde
01786_00.jpg,Mark & Spencer,short sleeve,boat neck,navy blue,white,casual,tight fit,blue,blonde
01787_00.jpg,Unknown,short sleeve,scoop neck,orange,red,casual,tight fit,red,brown
01788_00.jpg,Unknown,short sleeve,round neck,white,multicolored,casual,tight fit,blue,blonde
01789_00.jpg,Unknown,short sleeve,round neck,pink,pink,casual,tight fit,white,black
01790_00.jpg,Unknown,long sleeve,round neck,white,white,casual,tight fit,orange,blonde
01791_00.jpg,Unknown,long sleeve,v-neck,purple,red,casual,tight fit,blue,brown
01792_00.jpg,MacGren,three-quarter sleeve,scoop neck,black,unknown,casual,tight fit,black,brown
01793_00.jpg,Unknown,long sleeve,round neck,black,brown,casual,tight fit,black,black
01794_00.jpg,Diesel,short sleeve,round neck,orange,red,casual,Loose fit,red,blonde
01795_00.jpg,Pier One,Short sleeve,Crew neck,Black,Unknown,casual,tight fit,black,blonde
01797_00.jpg,Unknown,short sleeve,round neck,blue,gold,casual,Loose fit,black,black
01798_00.jpg,Unknown,long sleeve,high-neck,black,unknown,casual,tight fit,black,brown
01799_00.jpg,Unknown,long sleeve,high-neck,black,red,casual,tight fit,black,black
01800_00.jpg,Unknown,long sleeve,v-neck,red,red,casual,tight fit,beige,black
01803_00.jpg,EvenWoodood,short sleeve,cowl neck,black,white,casual,loose fit,blue,blonde
01805_00.jpg,Selected,long sleeve,round neck,red,black,casual,tight fit,white,brown
01806_00.jpg,Unknown,short sleeve,round neck,pink,white,casual,Loose fit,Pink,Brown
01807_00.jpg,GUESS,long sleeve,crew neck,purple,red,casual,tight fit,black,brown
01808_00.jpg,Unknown,sleeveless,v-neck,yellow,white,casual,tight fit,blue,blonde
01810_00.jpg,Unknown,short sleeve,heart neckline,red,red,casual,tight fit,black,blonde
01811_00.jpg,Unknown,short sleeve,round neck,red,orange,casual,tight fit,red,black
01813_00.jpg,Yellow,long sleeve,v-neck,yellow,yellow,casual,tight fit,white,black
01816_00.jpg,Obey Worldwide Recordings,short sleeve,round neck,yellow,fluorescent green,casual,Loose fit,yellow,black
01817_00.jpg,Tommy Jeans,short sleeve,round neck,black,red,casual,tight fit,blue,brown
01819_00.jpg,Unknown,long sleeve,v-neck,black,gray,casual,tight fit,black,brown
01821_00.jpg,Unknown,long sleeve,v-neck,purple,green,casual,tight fit,beige,brown
01822_00.jpg,Unknown,long sleeve,v-neck,orange,unknown,casual,tight fit,brown,brown
01823_00.jpg,noppies,long sleeve,boat neck,dark blue,gray,casual,tight fit,white,blonde
01824_00.jpg,Even&Odd,short sleeve,round neck,black,white,casual,Loose fit,black,blonde
01825_00.jpg,Odlo,short sleeve,round neck,white,blue,casual,tight fit,black,blonde
01826_00.jpg,Unknown,sleeveless,v-neck,blue,unknown,casual,tight fit,blue,blonde
01828_00.jpg,Unknown,long sleeve,v-neck,yellow,yellow,casual,tight fit,black,brown
01829_00.jpg,Unknown,short sleeve,round neck,purple,pink,casual,Loose fit,red,black
01830_00.jpg,Los Angeles Wild,short sleeve,round neck,black,red,casual,tight fit,blue,black
01831_00.jpg,Unknown,short sleeve,round neck,teal,teal,casual,tight fit,red,blonde
01835_00.jpg,Unknown,long sleeve,high collar,black,multicolored,casual,tight fit,blue,red
01836_00.jpg,Unknown,short sleeve,half-cowl neckline,pink,unknown,casual,Loose fit,pink,blonde
01837_00.jpg,Esprit,short sleeve,round neck,dark blue,white,casual,tight fit,tan,blonde
01838_00.jpg,Unknown,long sleeve,turtleneck,teal,teal,casual,tight fit,blue,black
01840_00.jpg,Villa,long sleeve,v-neck,red,unknown,casual,tight fit,red,blonde
01841_00.jpg,Rosemundi,short sleeve,v-neck,white,unknown,casual,tight fit,beige,blonde
01842_00.jpg,Esprit,short sleeve,v-neck,white,unknown,casual,tight fit,blue,black
01844_00.jpg,Unknown,short sleeve,square neck,green,green,casual,tight fit,white,black
01845_00.jpg,Unknown,long sleeve,v-neck,white,white,casual,tight fit,white,blonde
01846_00.jpg,Unknown,long sleeve,high-neck,light_green,unknown,casual,tight fit,green,blonde
01847_00.jpg,Unknown,short sleeve,crew neck,white,pink,casual,tight fit,black,brown
01848_00.jpg,Levi's,Short sleeve,Crew neck,White,Red,Casual,tight fit,black,black
01849_00.jpg,Unknown,short sleeve,round neck,white,white,casual,tight fit,orange,blonde
01851_00.jpg,Unknown,short sleeve,high neck,white,white,casual,tight fit,black,black
01852_00.jpg,Unknown,long sleeve,ruffled neckline,beige,blue,casual,Loose fit,black,blonde
01855_00.jpg,Unknown,long sleeve,ruffled collar,pink,red,casual,tight fit,blue,blonde
01856_00.jpg,Unknown,short sleeve,round neck,blue,multicolored,casual,tight fit,white,brown
01857_00.jpg,mint &berry,short sleeve,off-shoulder,green,white,casual,tight fit,green,blonde
01860_00.jpg,Unknown,short sleeve,hal neck,yellow,unknown,casual,tight fit,orange,blonde
01862_00.jpg,Unknown,short sleeve,scoop neck,pink,light pink,casual,tight fit,blue,black
01863_00.jpg,Even&Odd,short sleeve,racerback,white,white,casual,Loose fit,white,black
01864_00.jpg,Unknown,short sleeve,boat neck,black,unknown,casual,tight fit,black,blonde
01865_00.jpg,Blanche,Short sleeve,Round neck,White,Unknown,Casual,tight fit,black,blonde
01866_00.jpg,Kion,short sleeve,mock neck,white,unknown,casual,tight fit,black,brown
01867_00.jpg,Zizzi,short sleeve,round neck,white,unknown,casual,tight fit,blue,blonde
01868_00.jpg,adidas,long sleeve,round neck,pink,white,casual,Loose fit,Pink,Black
01869_00.jpg,Unknown,short sleeve,hal neck,black,white,casual,tight fit,black,blonde
01870_00.jpg,Puma,short sleeve,round neck,green,pink,casual,Loose fit,Pink,Black
01871_00.jpg,Unknown,short sleeve,scoop neck,pink,pink,casual,tight fit,yellow,blonde
01873_00.jpg,Levi's,short sleeve,round neck,white,gray,casual,tight fit,blue,brown
01876_00.jpg,Unknown,short sleeve,v-neck,black,white,casual,tight fit,white,blonde
01878_00.jpg,Maerz,Short sleeve,Round neck,Blue,Green,Casual,tight fit,blue,black
01879_00.jpg,Unknown,short sleeve,round neck,black,white,casual,tight fit,black,blonde
01880_00.jpg,MissCouver,long sleeve,round neck,green,green,casual,tight fit,green,blonde
01882_00.jpg,VILA,sleeveless,v-neck,light pink,unknown,casual,tight fit,blue,black
01883_00.jpg,Unknown,short sleeve,v-neck,pink,unknown,casual,Loose fit,black,blonde
01884_00.jpg,Unknown,short sleeve,circle neck,white,yellow,Christmas,Loose fit,blue,black
01885_00.jpg,Unknown,long sleeve,boatneck,blue,gray,casual,tight fit,white,blonde
01886_00.jpg,Unknown,long sleeve,round neck,yellow,green,casual,Loose fit,Yellow,Black
01887_00.jpg,Unknown,long sleeve,round neck,navy blue,red,casual,tight fit,blue,brown
01888_00.jpg,ONLY,short sleeve,round neck,black,white,casual,tight fit,white,black
01889_00.jpg,Willa,short sleeve,round neck,white,white,casual,tight fit,white,blonde
01890_00.jpg,Under Armour,short sleeve,round neck,red,black,casual,tight fit,blue,black
01891_00.jpg,Vans,short sleeve,round neck,purple,black,casual,Loose fit,purple,blonde
01892_00.jpg,New Girl Order,short sleeve,crew neck,white,black,casual,tight fit,black,black
01894_00.jpg,Unknown,short sleeve,round neck,white,black,casual,Loose fit,black,brown
01895_00.jpg,Unknown,short sleeve,round neck,blue,unknown,casual,loose fit,blue,black
01896_00.jpg,Polo,short sleeve,round neck,black,white,casual,tight fit,blue,black
01897_00.jpg,Unknown,long sleeve,scoop neck,black,unknown,casual,tight fit,blue,brown
01898_00.jpg,Lee,long sleeve,crew neck,white,black,casual,tight fit,yellow,blonde
01899_00.jpg,Levi's,short sleeve,round neck,white,red,casual,tight fit,white,black
01901_00.jpg,Unknown,short sleeve,v-neck,black,lace,casual,tight fit,black,brown
01903_00.jpg,Unknown,long sleeve,high-neck,black,black,informal,tight fit,black,brown
01904_00.jpg,Unknown,short sleeve,v-neck,white,black,casual,Loose fit,Black,Blonde
01905_00.jpg,Unknown,short sleeve,round neck,pink,unknown,casual,tight fit,pink,blonde
01906_00.jpg,Unknown,Short sleeve,V-neck,Black,Unknown,Casual,tight fit,black,brown
01907_00.jpg,Unknown,sleeveless,v-neck,red,unknown,casual,tight fit,red,blonde
01908_00.jpg,Anna Field,Short sleeve,V-neck,Pink,Black,Formal,tight fit,red,blonde
01909_00.jpg,Unknown,long sleeve,v-neck,dark blue,light blue,casual,Loose fit,blue,blonde
01910_00.jpg,Unknown,short sleeve,v-neck,red,yellow,casual,tight fit,red,black
01911_00.jpg,Missoni,Short sleeve,V-neck,Red,Orange,Casual,tight fit,white,black
01912_00.jpg,Unknown,long sleeve,boat neck,light blue,white,casual,tight fit,green,blonde
01913_00.jpg,Unknown,Three-quarter sleeve,Scoop neck,Navy blue,White,Casual,tight fit,blue,brown
01914_00.jpg,Unknown,short sleeve,polo collar,yellow,white,casual,tight fit,white,black
01915_00.jpg,Unknown,long sleeve,v-neck,white,unknown,casual,tight fit,blue,black
01916_00.jpg,Zara,sleeveless,round neck,purple,green,casual,tight fit,blue,black
01918_00.jpg,Gap,short sleeve,scoop neck,dark blue,unknown,casual,loose fit,red,blonde
01919_00.jpg,Gap,sleeveless,scoop neck,blue,white,casual,Loose fit,blue,blonde
01921_00.jpg,Unknown,short sleeve,round neck,white,teal,casual,tight fit,green,blonde
01922_00.jpg,Unknown,short sleeve,v-neck,pink,black,casual,tight fit,blue,brown
01924_00.jpg,Unknown,long sleeve,round neck,yellow,yellow,casual,Loose fit,yellow,black
01925_00.jpg,WALLIS,Unknown,boat neckline,blue,unknown,casual,Loose fit,blue,black
01927_00.jpg,Dickies,short sleeve,round neck,gray,multicolored,casual,Loose fit,gray,black
01928_00.jpg,Zalando,Short sleeve,Boat neck,Black,Unknown,casual,tight fit,black,blonde
01929_00.jpg,Unknown,long sleeve,v-neck,pale gray,pale gray,casual,tight fit,black,blonde
01930_00.jpg,Esprit,short sleeve,round neck,white,black,casual,tight fit,blue,blonde
01931_00.jpg,Toofit,short sleeve,round neck,white,unknown,casual,tight fit,black,brown
01932_00.jpg,Toofit,short sleeve,round neck,white,unknown,casual,tight fit,black,brown
01933_00.jpg,Unknown,sleeveless,v-neck,red,unknown,casual,tight fit,black,black
01935_00.jpg,Unknown,long sleeve,round neck,white,gray,casual,tight fit,black,brown
01938_00.jpg,Selected,short sleeve,round neck,white,black,casual,tight fit,white,brown
01939_00.jpg,Wrangler,short sleeve,round neck,blue,white,casual,Loose fit,blue,brown
01941_00.jpg,Unknown,short sleeve,v-neck,orange,unknown,casual,tight fit,orange,black
01942_00.jpg,Benetton,long sleeve,boat neck,white,green,casual,tight fit,black,brown
01943_00.jpg,Naf-Naf,long sleeve,v-neck,red,unknown,casual,tight fit,red,black
01945_00.jpg,Psycho,short sleeve,racerback,black,orange,casual,tight fit,black,blonde
01946_00.jpg,Unknown,short sleeve,high neck,white,white,casual,tight fit,red,blonde
01947_00.jpg,IVY & Oak,short sleeve,v-neck,yellow,unknown,casual,Loose fit,yellow,blonde
01949_00.jpg,Unknown,short sleeve,v-neck,white,X,casual,tight fit,beige,black
01951_00.jpg,Unknown,long sleeve,v-neck,green,neon green,casual,Loose fit,green,black
01952_00.jpg,Gap,short sleeve,v-neck,white,unknown,casual,tight fit,blue,black
01953_00.jpg,Unknown,long sleeve,round neck,blue,white,casual,tight fit,navy blue,brown
01954_00.jpg,Unknown,short sleeve,round neck,green,green,casual,Loose fit,green,blonde
01956_00.jpg,Evans,short sleeve,round neck,navy blue,beige,casual,Loose fit,red,blonde
01957_00.jpg,Hollister,short sleeve,v-neck,white,white,casual,tight fit,black,blonde
01958_00.jpg,Polo,long sleeve,crew neck,pink,green,casual,tight fit,red,blonde
01960_00.jpg,Lounge Niece,Short sleeve,V-neck,Pink,Unknown,casual,Loose fit,Pink,Black
01962_00.jpg,Unknown,long sleeve,cowl neck,white,teal,casual,tight fit,white,black
01964_00.jpg,Unknown,long sleeve,round neck,pink,gray,casual,tight fit,blue,brown
01965_00.jpg,Marc O'Polo,short sleeve,round neck,blue,white,casual,Loose fit,blue,black
01966_00.jpg,Unknown,short sleeve,circle neckline,yellow,unknown,casual,tight fit,blue,black
01970_00.jpg,Unknown,short sleeve,boat neck,green,white,casual,tight fit,blue,blonde
01971_00.jpg,Unknown,short sleeve,v-neck,green,green,casual,tight fit,gray,blonde
01972_00.jpg,H&M,Short sleeve,Square neck,Red,Unknown,casual,tight fit,yellow,black
01974_00.jpg,Unknown,long sleeve,round neck,white,unknown,casual,tight fit,blue,brown
01975_00.jpg,Mark O'Pike,short sleeve,v-neck,yellow,beige,casual,loose fit,blue,blonde
01976_00.jpg,Lee,short sleeve,round neck,pink,red,casual,Loose fit,red,black
01977_00.jpg,Jumari,short sleeve,v-neck,black,red,casual,tight fit,black,black
01978_00.jpg,4th Element,long sleeve,v-neck,pink,coral,casual,tight fit,blue,blonde
01979_00.jpg,Unknown,short sleeve,square neck,black,unknown,casual,tight fit,black,brown
01981_00.jpg,KIOMI,Short sleeve,Round neck,White,Blue,casual,tight fit,blue,blonde
01983_00.jpg,Unknown,short sleeve,v-neck,black,gray,casual,tight fit,black,brown
01984_00.jpg,Unknown,short sleeve,round neck,white,gray,casual,tight fit,black,brown
01987_00.jpg,Unknown,short sleeve,round neck,black,unknown,casual,tight fit,blue,black
01988_00.jpg,PIECES,long sleeve,v-neck,white,unknown,casual,Loose fit,white,black
01989_00.jpg,Unknown,short sleeve,round neck,gray,gray,casual,tight fit,blue,black
01990_00.jpg,Unknown,short sleeve,v-neck,white,lace,casual,tight fit,blue,brown
01993_00.jpg,Forever New,short sleeve,v-neck,black,unknown,casual,tight fit,blue,brown
01995_00.jpg,Unknown,short sleeve,circle neckline,white,pink,casual,tight fit,gray,brown
01997_00.jpg,Unknown,short sleeve,v-neck,black,unknown,casual,tight fit,brown,black
02000_00.jpg,Man,Short sleeve,Round neck,White,Unknown,Casual,tight fit,black,brown
02001_00.jpg,Unknown,short sleeve,v-neck,navy blue,red,casual,tight fit,blue,blonde
02003_00.jpg,Unknown,short sleeve,crew neck,white,black,casual,Loose fit,black,brown
02005_00.jpg,Unknown,long sleeve,round neck,white,white,casual,tight fit,white,blonde
02006_00.jpg,Unknown,long sleeve,cowl neck,black,blue,casual,tight fit,blue,blonde
02009_00.jpg,GANT,short sleeve,round neck,pink,light pink,casual,Loose fit,blue,blonde
02010_00.jpg,evenOdd,short sleeve,v-neck,pink,pink,casual,Loose fit,pink,blonde
02013_00.jpg,Unknown,short sleeve,round neck,white,white,casual,tight fit,white,blonde
02014_00.jpg,NA-KD,Short sleeve,V-neck,Yellow,Unknown,casual,tight fit,blue,black
02019_00.jpg,Unknown,short sleeve,round neck,black,floral pattern,casual,tight fit,black,blonde
02021_00.jpg,Unknown,short sleeve,round neck,white,black,casual,tight fit,white,blonde
02022_00.jpg,Unknown,short sleeve,round neck,teal,pink,casual,Loose fit,Beige,Brown
02024_00.jpg,Unknown,long sleeve,v-neck,white,black,casual,tight fit,blue,blonde
02025_00.jpg,Unknown,long sleeve,high-neck,orange,unknown,casual,tight fit,white,brown
02026_00.jpg,PIECES,Short sleeve,V-neck,Rust,Unknown,casual,loose fit,orange,black
02027_00.jpg,Unknown,short sleeve,round neck,white,gray,casual,tight fit,white,brown
02028_00.jpg,Unknown,long sleeve,high-neck,black,striped,casual,tight fit,black,black
02029_00.jpg,Unknown,short sleeve,round neck,gray,gray,casual,tight fit,blue,brown
02032_00.jpg,Even&Odd,long sleeve,v-neck,teal,unknown,casual,tight fit,green,black
02033_00.jpg,Unknown,long sleeve,v-neck,navy,white,casual,tight fit,blue,blonde
02034_00.jpg,MOS MOSH,Short sleeve,Scoop neck,Pink,Purple,Casual,tight fit,pink,brown
02035_00.jpg,Polo Ralph Lauren,Short sleeve,Collared,Green,Unknown,Casual,tight fit,green,blonde
02036_00.jpg,Tommy Sport,short sleeve,round neck,red,white,casual,tight fit,red,blonde
02037_00.jpg,Unknown,short sleeve,round neck,red,pink,casual,tight fit,red,black
02038_00.jpg,Unknown,short sleeve,v-neck,black,unknown,casual,tight fit,black,brown
02041_00.jpg,Opening Ceremony,short sleeve,round neck,black,white,casual,tight fit,black,brown
02043_00.jpg,Unknown,short sleeve,v-neck,black,lace,casual,tight fit,black,black
02044_00.jpg,Unknown,short sleeve,round neck,red,unknown,casual,tight fit,black,blonde
02045_00.jpg,Holweiler,Short sleeve,Round neck,White,Unknown,casual,tight fit,blue,blonde
02047_00.jpg,Unknown,short sleeve,round neck,blue,white,casual,Loose fit,blue,black
02048_00.jpg,Fila,short sleeve,round neck,black,red,casual,Loose fit,black,blonde
02049_00.jpg,Unknown,short sleeve,square neck,red,red,casual,tight fit,white,blonde
02050_00.jpg,Unknown,short sleeve,deep V-neck,black,Unknown,casual,tight fit,black,blonde
02051_00.jpg,Unknown,long sleeve,boat neck,white,unknown,casual,tight fit,black,blonde
02052_00.jpg,Unknown,Short sleeve,V-neck,Burgundy,Unknown,casual,tight fit,black,black
02053_00.jpg,Just Another Magic Monday,short sleeve,crew neck,white,blue and pink,casual,Loose fit,black,black
02055_00.jpg,Unknown,long sleeve,v-neck,yellow,yellow,casual,tight fit,yellow,black
02056_00.jpg,Unknown,short sleeve,round neck,black,red,casual,tight fit,red,blonde
02057_00.jpg,Unknown,short sleeve,round neck,blue,unknown,casual,tight fit,pink,brown
02058_00.jpg,The Ragged Priest,long sleeve,round neck,white,silver,casual,tight fit,black,brown
02059_00.jpg,Unknown,long sleeve,scoop neck,white,white,casual,Loose fit,black,blonde
02061_00.jpg,Unknown,short sleeve,v-neck,black,unknown,casual,tight fit,black,blonde
02062_00.jpg,Unknown,long sleeve,v-neck,white,unknown,casual,tight fit,blue,blonde
02063_00.jpg,Unknown,short sleeve,circle neckline,pink,unknown,casual,Loose fit,pink,black
02065_00.jpg,Unknown,short sleeve,cowl neck,navy blue,black,casual,tight fit,blue,blonde
02067_00.jpg,Unknown,short sleeve,round neck,white,black,casual,tight fit,blue,brown
02068_00.jpg,Hollister,long sleeve,scoop neck,beige,beige,casual,tight fit,blue,brown
02069_00.jpg,Unknown,short sleeve,v-neck,black,unknown,casual,loose fit,black,blonde
02072_00.jpg,Unknown,short sleeve,round neck,white,white,casual,tight fit,red,black
02074_00.jpg,Weekday,short sleeve,round neck,black,unknown,casual,tight fit,yellow,brown
02075_00.jpg,Unknown,long sleeve,v-neck,pale gray,pale gray,casual,tight fit,blue,black
02076_00.jpg,Polo Ralph Lauren,short sleeve,polo collar,navy blue,red,casual,tight fit,red,brown
02077_00.jpg,Unknown,short sleeve,v-neck,blue,gray,casual,tight fit,blue,blonde
02078_00.jpg,EA7,short sleeve,round neck,pink,pink,casual,loose fit,pink,brown
02079_00.jpg,Unknown,short sleeve,v-neck,black,unknown,casual,tight fit,green,blonde
02080_00.jpg,Unknown,short sleeve,round neck,white,white,casual,tight fit,blue,black
02081_00.jpg,Unknown,short sleeve,v-neck,navy,unknown,casual,tight fit,white,brown
02083_00.jpg,Unknown,short sleeve,v-neck,green,unknown,casual,tight fit,black,brown
02084_00.jpg,Unknown,long sleeve,v-neck,green,white,casual,tight fit,white,blonde
02085_00.jpg,Michael Kors,short sleeve,v-neck,white,unknown,casual,tight fit,red,black
02086_00.jpg,KIOMI,short sleeve,round neck,black,Unknown,casual,tight fit,black,black
02087_00.jpg,Reebok,long sleeve,V-neck,black,yellow,casual,tight fit,black,black
02088_00.jpg,Unknown,sleeveless,round neck,pink,lace,casual,tight fit,black,brown
02089_00.jpg,Holweiler,short sleeve,round neck,white,white,casual,tight fit,multi-color,brown
02090_00.jpg,Marcopolo,long sleeve,v-neck,navy blue,white,casual,tight fit,green,black
02091_00.jpg,Unknown,long sleeve,v-neck,red,red,casual,tight fit,red,blonde
02092_00.jpg,Even&Co,short sleeve,scoop neck,black,pink,casual,tight fit,black,brown
02095_00.jpg,Unknown,long sleeve,v-neck,black,pink,athletic,tight fit,black,blonde
02098_00.jpg,Unknown,short sleeve,off-shoulder,brown,white,casual,tight fit,white,brown
02099_00.jpg,Unknown,long sleeve,v-neck,white,white,casual,loose fit,white,blonde
02100_00.jpg,Unknown,short sleeve,round neck,white,white,casual,tight fit,white,blonde
02101_00.jpg,Unknown,short sleeve,deep V-neck,unknown,unknown,casual,tight fit,white,blonde
02103_00.jpg,Unknown,short sleeve,circle neckline,red,pink,summer,tight fit,red,brown
02104_00.jpg,Unknown,short sleeve,scoop neck,blue,black,casual,Loose fit,blue,blonde
02105_00.jpg,AMOV,short sleeve,round neck,black,white,casual,tight fit,beige,blonde
02106_00.jpg,Unknown,short sleeve,round neck,pale blue,light blue,casual,tight fit,white,blonde
02107_00.jpg,Unknown,long sleeve,circle neckline,white,unknown,casual,loose fit,black,blonde
02108_00.jpg,KIOMI,Short sleeve,Round neck,White,Unknown,casual,tight fit,black,brown
02109_00.jpg,Unknown,short sleeve,circle neckline,yellow,white,casual,tight fit,yellow,black
02110_00.jpg,Commilla,short sleeve,round neck,white,pink,casual,tight fit,dark blue,brown
02111_00.jpg,Unknown,short sleeve,v-neck,black,white,casual,tight fit,black,black
02112_00.jpg,Unknown,long sleeve,v-neck,red,gray,casual,tight fit,blue,black
02113_00.jpg,Zara,long sleeve,scoop neck,black,white,casual,tight fit,black,blonde
02114_00.jpg,Unknown,short sleeve,round neck,black,yellow,casual,tight fit,black,brown
02117_00.jpg,Unknown,Short sleeve,V-neck,Black,Unknown,Casual,tight fit,black,brown
02119_00.jpg,Unknown,short sleeve,v-neck,pink,unknown,casual,tight fit,blue,black
02120_00.jpg,Nike,short sleeve,round neck,yellow,black,casual,Loose fit,yellow,blonde
02121_00.jpg,Unknown,short sleeve,round neck,white,white,casual,tight fit,red,brown
02122_00.jpg,Navy blue,long sleeve,v-neck,navy blue,unknown,casual,tight fit,white,brown
02123_00.jpg,Unknown,long sleeve,scoop neck,black,gray,casual,loose fit,black,blonde
02125_00.jpg,Unknown,long sleeve,v-neck,green,green,casual,tight fit,green,brown
02126_00.jpg,Unknown,long sleeve,v-neck,gray,gray,casual,tight fit,white,blonde
02127_00.jpg,Unknown,long sleeve,turtleneck,gray,gray,casual,tight fit,beige,black
02129_00.jpg,Voila,short sleeve,round neck,yellow,multicolored,casual,Loose fit,yellow,brown
02130_00.jpg,Unknown,long sleeve,v-neck,black,silver,casual,Loose fit,green,black
02131_00.jpg,Unknown,long sleeve,v-neck,beige,light blue,casual,tight fit,white,black
02132_00.jpg,Unknown,short sleeve,crew neck,white,yellow,casual,Loose fit,black,black
02133_00.jpg,MSGD,short sleeve,round neck,black,orange,casual,Loose fit,black,black
02135_00.jpg,Unknown,short sleeve,round neck,navy blue,white,casual,tight fit,blue,blonde
02137_00.jpg,Unknown,long sleeve,v-neck,pink,red,casual,tight fit,black,blonde
02138_00.jpg,Mary O'More,short sleeve,round neck,white,gray,casual,Loose fit,black,blonde
02139_00.jpg,Unknown,long sleeve,boat neck,white,gray,casual,tight fit,blue,black
02140_00.jpg,Zizzi,short sleeve,round neck,white,floral,casual,Loose fit,black,blonde
02141_00.jpg,Unknown,Short sleeve,V-neck,Turquoise,Unknown,casual,tight fit,blue,blonde
02143_00.jpg,Hollister,short sleeve,round neck,yellow,yellow,casual,Loose fit,yellow,brown
02144_00.jpg,Unknown,short sleeve,v-neck,white,white,casual,tight fit,blue,black
02145_00.jpg,Roxy,long sleeve,round neck,gray,pink,casual,tight fit,black,brown
02146_00.jpg,Unknown,long sleeve,v-neck,red,unknown,casual,tight fit,red,blonde
02147_00.jpg,Unknown,short sleeve,v-neck,black,unknown,casual,tight fit,blue,blonde
02148_00.jpg,new balance,short sleeve,round neck,black,white,casual,Loose fit,black,black
02149_00.jpg,Unknown,long sleeve,v-neck,white,white,casual,tight fit,red,blonde
02150_00.jpg,Levi's,short sleeve,round neck,black,red,casual,loose fit,blue,blonde
02153_00.jpg,Unknown,sleeveless,high-neck,orange,unknown,casual,Loose fit,orange,black
02154_00.jpg,Unknown,short sleeve,round neck,pink,beige,casual,Loose fit,black,blonde
02155_00.jpg,Unknown,short sleeve,v-neck,black,unknown,casual,tight fit,black,blonde
02156_00.jpg,Unknown,short sleeve,c-round neck,white,blue,casual,loose fit,blue,blonde
02158_00.jpg,Unknown,long sleeve,hal neck,yellow,pink,casual,tight fit,blue,blonde
02159_00.jpg,Unknown,short sleeve,circle neckline,white,red,casual,tight fit,black,blonde
02160_00.jpg,Unknown,long sleeve,v-neck,black,gray,casual,tight fit,black,brown
02161_00.jpg,Unknown,short sleeve,square neck,white,yellow,casual,tight fit,blue,blonde
02162_00.jpg,Givenchy,short sleeve,crew neck,white,black,casual,tight fit,blue,black
02163_00.jpg,Lee,short sleeve,round neck,white,multicolored,casual,Loose fit,black,black
02164_00.jpg,Even&Odd,short sleeve,round neck,white,blue,casual,Loose fit,black,blonde
02165_00.jpg,Unknown,short sleeve,v-neck,black,gray,casual,tight fit,blue,black
02166_00.jpg,Unknown,short sleeve,cowl neck,white,gray,casual,tight fit,black,brown
02168_00.jpg,Anna Field,short sleeve,v-neck,pink,white,casual,Loose fit,pink,blonde
02170_00.jpg,Unknown,long sleeve,turtleneck,pink,pink,casual,tight fit,dark blue,brown
02172_00.jpg,Boxxay,short sleeve,scoop neck,light blue,black,casual,Loose fit,pink,brown
02173_00.jpg,Tommy Sport,short sleeve,high collar,green,white,casual,tight fit,red,blonde
02174_00.jpg,Unknown,long sleeve,boat neck,black,Unknown,casual,tight fit,black,brown
02175_00.jpg,Evans,short sleeve,V-neck,black,pink,casual,Loose fit,black,black
02177_00.jpg,Unknown,long sleeve,boat neck,navy blue,red,casual,tight fit,blue,black
02178_00.jpg,Unknown,short sleeve,v-neck,pink,light pink,casual,tight fit,pink,brown
02181_00.jpg,Unknown,Three-quarter sleeve,V-neck,Dark gray,Unknown,Casual,tight fit,black,brown
02182_00.jpg,Industry Revolution,short sleeve,crew neck,orange,pink,casual,Loose fit,orange,brown
02183_00.jpg,Marc O'Polo,short sleeve,round neck,white,black,casual,tight fit,gray,brown
02185_00.jpg,Reebok,short sleeve,round neck,yellow,white,casual,Loose fit,yellow,black
02186_00.jpg,Zara,Unknown,V-neck,White,Black,Casual,tight fit,white,blonde
02187_00.jpg,Anna Field,short sleeve,v-neck,white,green,casual,tight fit,blue,blonde
02188_00.jpg,Unknown,short sleeve,round neck,black,white,casual,tight fit,beige,brown
02189_00.jpg,Unknown,short sleeve,v-neck,yellow,unknown,casual,tight fit,yellow,brown
02190_00.jpg,Fila,short sleeve,round neck,navy blue,red,casual,tight fit,black,brown
02191_00.jpg,Unknown,long sleeve,v-neck,yellow,orange,casual,Loose fit,Orange,Black
02192_00.jpg,Unknown,short sleeve,round neck,black,white,casual,Loose fit,black,black
02193_00.jpg,Unknown,short sleeve,hal,black,white,casual,tight fit,blue,brown
02195_00.jpg,Lost Ink,short sleeve,v-neck,blue,pink,casual,tight fit,black,blonde
02197_00.jpg,Unknown,short sleeve,v-neck,yellow,yellow,casual,tight fit,black,blonde
02199_00.jpg,Unknown,short sleeve,circle neckline,yellow,yellow,casual,loose fit,beige,blonde
02200_00.jpg,NEW LOOK,long sleeve,v-neck,pink,pink,casual,Loose fit,red,black
02201_00.jpg,Unknown,long sleeve,round neck,black,white,casual,tight fit,black,blonde
02202_00.jpg,new balance,short sleeve,round neck,black,white,casual,Loose fit,black,brown
02203_00.jpg,Fashion Union,long sleeve,high-neck,black,unknown,casual,tight fit,black,brown
02205_00.jpg,Nudie Jeans,long sleeve,v-neck,white,unknown,casual,tight fit,gray,black
02206_00.jpg,Chloé,short sleeve,round neck,pink,yellow,casual,tight fit,yellow,blonde
02210_00.jpg,Unknown,short sleeve,V-neck,dark blue,white,casual,tight fit,white,black
02211_00.jpg,Unknown,short sleeve,round neck,red,white,casual,tight fit,red,black
02213_00.jpg,Unknown,short sleeve,round neck,white,gray,casual,tight fit,blue,brown
02214_00.jpg,Off-shoulder,long sleeve,square neckline,black,unknown,casual,tight fit,black,black
02215_00.jpg,Unknown,short sleeve,round neck,pink,pink,casual,tight fit,white,brown
02216_00.jpg,Unknown,short sleeve,square neckline,black,lace,casual,tight fit,beige,brown
02217_00.jpg,Unknown,short sleeve,circle neckline,pink,unknown,casual,Loose fit,hot pink,black
02218_00.jpg,Unknown,short sleeve,boat neck,white,green,casual,tight fit,red,blonde
02219_00.jpg,AIDS,Short sleeve,Round neck,White,Green,Casual,tight fit,black,brown
02220_00.jpg,Unknown,short sleeve,v-neck,orange,red,casual,tight fit,black,brown
02222_00.jpg,Unknown,long sleeve,boat neck,gray,gray,casual,tight fit,white,brown
02223_00.jpg,Unknown,Short sleeve,Round neck,Grey,Red,Casual,Loose fit,black,black
02224_00.jpg,Zizzi,short sleeve,round neck,pink,white,casual,Loose fit,black,blonde
02225_00.jpg,Unknown,short sleeve,v-neck,white,unknown,casual,Loose fit,black,blonde
02226_00.jpg,Unknown,short sleeve,cowl neck,blue,light blue,casual,tight fit,white,blonde
02227_00.jpg,Unknown,short sleeve,turtleneck,black,Unknown,casual,tight fit,black,blonde
02228_00.jpg,Unknown,short sleeve,round neck,black,unknown,casual,tight fit,black,brown
02229_00.jpg,Dickies,long sleeve,round neck,white,olive green,casual,loose fit,black,brown
02230_00.jpg,Desigual,short sleeve,round neck,white,green,casual,tight fit,green,black
02231_00.jpg,Unknown,long sleeve,turtleneck,navy,yellow,casual,tight fit,blue,blonde
02232_00.jpg,Unknown,short sleeve,round neck,gray,red,casual,Loose fit,blue,black
02233_00.jpg,Fila,short sleeve,round neck,leopard print,orange,casual,tight fit,black,brown
02234_00.jpg,ONLY,long sleeve,cowl neck,pink,red,casual,tight fit,blue,blonde
02235_00.jpg,Unknown,short sleeve,round neck,yellow,black,casual,Loose fit,Yellow,Black
02236_00.jpg,Unknown,long sleeve,high-neck,black,lace,casual,tight fit,black,black
02237_00.jpg,Unknown,long sleeve,v-neck,red,Unknown,casual,tight fit,red,black
02239_00.jpg,Unknown,long sleeve,round neck,gray,gray,casual,tight fit,blue,black
02240_00.jpg,Unknown,short sleeve,circle neckline,yellow,light yellow,casual,Loose fit,yellow,black
02241_00.jpg,Unknown,short sleeve,circle neck,white,unknown,casual,Loose fit,blue,black
02242_00.jpg,Unknown,short sleeve,v-neck,white,white,casual,tight fit,black,blonde
02243_00.jpg,Unknown,short sleeve,round neck,white,black,casual,tight fit,white,brown
02246_00.jpg,Unknown,short sleeve,deep V-neck,gray,gray,casual,tight fit,black,blonde
02248_00.jpg,The North Face,long sleeve,round neck,gray,black,casual,tight fit,red,black
02249_00.jpg,Unknown,long sleeve,v-neck,red,red,casual,tight fit,red,black
02250_00.jpg,Anna Field,long sleeve,v-neck,black,unknown,casual,tight fit,black,brown
02251_00.jpg,new balance,short sleeve,round neck,white,black,casual,Loose fit,black,black
02252_00.jpg,Unknown,short sleeve,round neck,black,white,casual,Loose fit,black,black
02255_00.jpg,Unknown,short sleeve,strapless,black,unknown,casual,tight fit,black,black
02257_00.jpg,GANT,long sleeve,round neck,gray,white,casual,Loose fit,black,blonde
02258_00.jpg,VILA,short sleeve,round neck,dark green,unknown,casual,tight fit,green,blonde
02260_00.jpg,Anna Field,short sleeve,round neck,gray,unknown,casual,tight fit,black,black
02261_00.jpg,Unknown,long sleeve,boat neck,red,unknown,casual,tight fit,red,blonde
02262_00.jpg,Unknown,short sleeve,circle neck,white,yellow,unknown,Loose fit,red,black
02263_00.jpg,Unknown,short sleeve,v-neck,white,blue,casual,tight fit,blue,black
02264_00.jpg,Unknown,short sleeve,round neck,red,white,casual,Loose fit,red,brown
02265_00.jpg,MSCH,Short sleeve,Round neck,Black,Unknown,casual,loose fit,black,blonde
02269_00.jpg,Unknown,sleeveless,v-neck,pink,unknown,casual,loose fit,black,brown
02271_00.jpg,Even CEO,long sleeve,boat neck,red,unknown,casual,tight fit,red,brown
02272_00.jpg,Unknown,short sleeve,round neck,light green,mint green,casual,tight fit,black,brown
02274_00.jpg,Unknown,long sleeve,boat neck,teal,teal,casual,Loose fit,green,blonde
02275_00.jpg,Unknown,short sleeve,v-neck,red,pink,casual,tight fit,blue,brown
02276_00.jpg,Selected,short sleeve,v-neck,red,white,casual,tight fit,blue,black
02277_00.jpg,new local,short sleeve,round neck,white,yellow,casual,tight fit,blue,blonde
02279_00.jpg,Unknown,long sleeve,v-neck,black,white,casual,tight fit,black,brown
02280_00.jpg,Unknown,short sleeve,cowl neck,white,yellow,casual,Loose fit,black,blonde
02281_00.jpg,Unknown,short sleeve,v-neck,beige,beige,casual,tight fit,beige,brown
02282_00.jpg,Levi's,short sleeve,round neck,red,black,casual,tight fit,red,black
02283_00.jpg,Superdry,short sleeve,round neck,black,pink,casual,tight fit,black,black
02284_00.jpg,NEW LOOK,long sleeve,v-neck,black,black,casual,tight fit,black,brown
02285_00.jpg,Comma,long sleeve,v-neck,black,unknown,casual,tight fit,black,blonde
02286_00.jpg,Unknown,long sleeve,high-neck,navy,navy,casual,tight fit,red,blonde
02287_00.jpg,MONKI,long sleeve,crew neck,gray,purple,casual,tight fit,beige,blonde
02292_00.jpg,Unknown,short sleeve,cowl neck,black,white,casual,tight fit,black,black
02293_00.jpg,Unknown,long sleeve,v-neck,red,unknown,casual,tight fit,red,black
02294_00.jpg,Unknown,long sleeve,boat neck,navy blue,brown,casual,tight fit,blue,brown
02295_00.jpg,Unknown,short sleeve,high neck,black,unknown,casual,tight fit,black,blonde
02296_00.jpg,Unknown,short sleeve,high neck,orange,yellow,casual,tight fit,blue,black
02298_00.jpg,Gap,short sleeve,crew neck,white,blue,casual,tight fit,blue,brown
02300_00.jpg,The North Face,short sleeve,round neck,purple,unknown,casual,Loose fit,purple,black
02301_00.jpg,Love Moschino,Short sleeve,Round neck,Black,Silver,Casual,Loose fit,black,black
02303_00.jpg,Oasis,short sleeve,v-neck,blue,orange,casual,tight fit,yellow,brown
02308_00.jpg,Lee,short sleeve,round neck,yellow,green,casual,tight fit,blue,brown
02309_00.jpg,Unknown,short sleeve,round neck,black,white,casual,tight fit,white,blonde
02310_00.jpg,Unknown,long sleeve,mock neck,gray,black,casual,tight fit,black,blonde
02312_00.jpg,Levi's,short sleeve,round neck,white,pink,casual,Loose fit,red,black
02313_00.jpg,MAX&Co.,short sleeve,round neck,blue,yellow,casual,tight fit,white,black
02314_00.jpg,Unknown,short sleeve,v-neck,green,green,casual,tight fit,white,black
02315_00.jpg,Evenodo,Short Sleeve,Scoop Neck,Yellow,White,Casual,Loose fit,yellow,black
02316_00.jpg,Unknown,long sleeve,high-neck,white,unknown,casual,tight fit,gray,blonde
02317_00.jpg,Unknown,short sleeve,v-neck,pink,maroon,casual,tight fit,black,black
02318_00.jpg,Mister Tee,short sleeve,round neck,black,pink,casual,tight fit,white,brown
02319_00.jpg,Unknown,short sleeve,round neck,green,green,casual,tight fit,blue,black
02320_00.jpg,Gant,short sleeve,round neck,navy blue,white,casual,Loose fit,black,blonde
02321_00.jpg,Ziya,short sleeve,scoop neck,black,white,casual,tight fit,red,blonde
02322_00.jpg,MONKL,long sleeve,cowl neck,gray,gray,casual,tight fit,black,brown
02323_00.jpg,Fila,short sleeve,round neck,black,red,casual,Loose fit,black,blonde
02325_00.jpg,Polo Ralph Lauren,short sleeve,round neck,blue,red,casual,tight fit,blue,blonde
02326_00.jpg,Unknown,short sleeve,round neck,blue,unknown,casual,tight fit,blue,blonde
02328_00.jpg,Unknown,short sleeve,v-neck,yellow,yellow,casual,Loose fit,yellow,blonde
02329_00.jpg,Unknown,long sleeve,hooded,green,green,casual,tight fit,blue,brown
02330_00.jpg,Unknown,short sleeve,v-neck,white,white,casual,tight fit,blue,blonde
02331_00.jpg,Unknown,sleeveless,round neck,blue,yellow,casual,tight fit,blue,blonde
02332_00.jpg,Unknown,long sleeve,v-neck,dark blue,red,casual,tight fit,white,black
02333_00.jpg,Lacoste,short sleeve,polo collar,black,white,casual,tight fit,gray,brown
02334_00.jpg,Disney,Short sleeve,Round neck,Gray,White,Casual,Loose fit,red,black
02335_00.jpg,Unknown,short sleeve,round neck,blue,gray,casual,tight fit,blue,blonde
02337_00.jpg,Misschord,long sleeve,boat neck,purple,red,informal,tight fit,beige,black
02338_00.jpg,Unknown,long sleeve,v-neck,black,unknown,casual,tight fit,black,brown
02339_00.jpg,Unknown,short sleeve,round neck,black,unknown,casual,tight fit,black,brown
02340_00.jpg,Unknown,sleeveless,high-neck,white,white,casual,tight fit,yellow,black
02341_00.jpg,Unknown,long sleeve,boat neckline,white,black,casual,Loose fit,gray,blonde
02342_00.jpg,Unknown,short sleeve,crew neck,teal,teal,casual,tight fit,blue,black
02343_00.jpg,Gap,long sleeve,boat neck,gray,white,casual,Loose fit,black,blonde
02344_00.jpg,Unknown,short sleeve,round neck,green,pink,casual,tight fit,black,brown
02345_00.jpg,Unknown,short sleeve,round neck,black,white,casual,tight fit,black,brown
02346_00.jpg,Even&Oddo,short sleeve,crew neck,white,pink,casual,Loose fit,black,brown
02347_00.jpg,Unknown,long sleeve,square neck,red,unknown,casual,tight fit,white,black
02348_00.jpg,Lacoste,three-quarter sleeve,scoop neck,navy blue,black,casual,tight fit,black,brown
02349_00.jpg,Unknown,short sleeve,round neck,red,blue,casual,tight fit,blue,blonde
02350_00.jpg,Esprit,sleeveless,round neck,yellow,yellow,casual,tight fit,yellow,black
02351_00.jpg,Selected,short sleeve,v-neck,blue,white,casual,tight fit,white,blonde
02352_00.jpg,Unknown,short sleeve,v-neck,white,white,casual,tight fit,yellow,brown
02353_00.jpg,Wonder Woman,short sleeve,crew neck,gray,red,casual,Loose fit,red,black
02354_00.jpg,Unknown,long sleeve,v-neck,gray,gray,casual,tight fit,black,brown
02355_00.jpg,Unknown,long sleeve,cowl neck,dark blue,light blue,casual,tight fit,blue,brown
02356_00.jpg,Unknown,long sleeve,round neck,pink,green,casual,tight fit,black,blonde
02357_00.jpg,Marc O'Polo,short sleeve,round neck,dark blue,light blue,casual,tight fit,white,blonde
02358_00.jpg,Unknown,short sleeve,v-neck,red,white,casual,loose fit,blue,black
02359_00.jpg,Unknown,long sleeve,circle neckline,red,white,casual,tight fit,red,blonde
02361_00.jpg,Unknown,long sleeve,crew neck,gray,teal,casual,tight fit,black,blonde
02362_00.jpg,Gap,long sleeve,boat neck,navy blue,white,casual,tight fit,blue,blonde
02363_00.jpg,Polo Ralph Lauren,short sleeve,polo collar,white,blue,casual,tight fit,blue,blonde
02366_00.jpg,Unknown,sleeveless,v-neck,red,black,casual,tight fit,black,brown
02367_00.jpg,Unknown,short sleeve,circle neck,black,yellow,unknown,tight fit,blue,black
02368_00.jpg,Smiffy,long sleeve,V-neck,gray,gray,casual,tight fit,blue,black
02369_00.jpg,Gap,short sleeve,v-neck,black,unknown,casual,tight fit,red,black
02370_00.jpg,Aware,short sleeve,round neck,black,unknown,casual,tight fit,black,black
02371_00.jpg,Unknown,short sleeve,v-neck,pink,white,casual,Loose fit,pink,blonde
02373_00.jpg,MSCH,Short sleeve,Round neck,White,Blue,Casual,Loose fit,white,black
02375_00.jpg,Unknown,short sleeve,round neck,gray,black,casual,tight fit,blue,black
02376_00.jpg,Versace Jeans Couture,short sleeve,round neck,black,white,casual,Loose fit,black,black
02377_00.jpg,Reijmyrade,Short sleeve,V-neck,Grey,Unknown,casual,tight fit,blue,brown
02378_00.jpg,Unknown,short sleeve,polo collar,black,white,casual,tight fit,pink,brown
02379_00.jpg,Unknown,long sleeve,boat neck,navy blue,white,casual,loose fit,red,blonde
02380_00.jpg,Unknown,short sleeve,scoop neck,green,green,casual,tight fit,olive green,dark brown
02381_00.jpg,Unknown,short sleeve,round neck,black,white,casual,tight fit,blue,brown
02382_00.jpg,Commune,short sleeve,round neck,green,white,casual,tight fit,green,brown
02383_00.jpg,BOSS,short sleeve,round neck,blue,multicolored,casual,Loose fit,blue,blonde
02384_00.jpg,Unknown,short sleeve,round neck,white,white,casual,tight fit,black,black
02386_00.jpg,Unknown,short sleeve,cowl neck,green,green,casual,tight fit,green,brown
02387_00.jpg,Unknown,short sleeve,mock neck,yellow,yellow,casual,tight fit,yellow,blonde
02389_00.jpg,Unknown,long sleeve,turtleneck,red,red,casual,tight fit,red,blonde
02391_00.jpg,Unknown,short sleeve,round neck,white,white,casual,tight fit,black,blonde
02392_00.jpg,Unknown,short sleeve,v-neck,black,unknown,casual,tight fit,black,brown
02393_00.jpg,Unknown,short sleeve,v-neck,light blue,white,casual,tight fit,blue,brown
02394_00.jpg,Marc O'Polo,long sleeve,v-neck,dark blue,white,casual,tight fit,blue,blonde
02395_00.jpg,Manfredo,long sleeve,V-neck,purple,red,casual,Loose fit,red,black
02396_00.jpg,Anna Field,short sleeve,round neck,white,black,casual,tight fit,blue,black
02397_00.jpg,Dorothy Perkins,short sleeve,v-neck,black,white,casual,Loose fit,black,black
02398_00.jpg,Modström,short sleeve,scoop neck,gray,gray,casual,Loose fit,red,black
02402_00.jpg,Unknown,long sleeve,cowl neck,green,unknown,casual,tight fit,black,brown
02403_00.jpg,Unknown,short sleeve,cowl neck,white,pink,casual,tight fit,gray,blonde
02405_00.jpg,Living Now,short sleeve,v-neck,black,unknown,casual,tight fit,black,blonde
02406_00.jpg,Polo Ralph Lauren,Short sleeve,V-neck,Orange,Unknown,Casual,tight fit,orange,blonde
02407_00.jpg,Fila,short sleeve,round neck,black,red,casual,Loose fit,black,black
02408_00.jpg,Banana Republic,short sleeve,round neck,yellow,yellow,casual,Loose fit,yellow,black
02409_00.jpg,Gant,long sleeve,turtleneck,maroon,blue,casual,tight fit,blue,black
02410_00.jpg,Anna Field,short sleeve,round neck,pink,green,casual,tight fit,blue,blonde
02411_00.jpg,Unknown,short sleeve,circle neck,black,pink,casual,loose fit,black,blonde
02412_00.jpg,ballyharron,long sleeve,boat neck,black,Unknown,casual,tight fit,black,brown
02413_00.jpg,Unknown,short sleeve,v-neck,white,white,casual,tight fit,blue,brown
02414_00.jpg,Love Moschino,short sleeve,round neck,white,multicolored,casual,tight fit,blue,black
02415_00.jpg,Obey,short sleeve,round neck,purple,white,casual,Loose fit,black,black
02416_00.jpg,Unknown,long sleeve,crew neck,black,pink,casual,tight fit,black,black
02417_00.jpg,Unknown,short sleeve,v-neck,black,unknown,casual,tight fit,yellow,black
02418_00.jpg,BANANA REPУБЛИКА,unknown,round neck,green,unknown,casual,tight fit,white,blonde
02419_00.jpg,Unknown,short sleeve,round neck,white,black,casual,Loose fit,black,blonde
02420_00.jpg,BOSS,Short sleeve,Round neck,White,Black,Casual,tight fit,black,brown
02421_00.jpg,Unknown,long sleeve,cowl neck,red,navy blue,casual,tight fit,white,brown
02423_00.jpg,Mon Cheri,long sleeve,boat neck,white,blue,casual,tight fit,white,black
02426_00.jpg,Unknown,short sleeve,v-neck,green,green,casual,Loose fit,green,blonde
02428_00.jpg,Hollister,long sleeve,V-neck,pale blue,unknown,casual,tight fit,pink,brown
02429_00.jpg,Pepe Jeans,long sleeve,boat neck,dark gray,golden,casual,tight fit,blue,brown
02430_00.jpg,Monki,short sleeve,round neck,orange,pink,casual,Loose fit,Orange,Blonde
02431_00.jpg,Unknown,Short Sleeve,Round Neck,Black,Unknown,Casual,tight fit,black,black
02432_00.jpg,Unknown,short sleeve,round neck,pink,light pink,casual,Loose fit,pink,blonde
02433_00.jpg,Marc O'Polo,long sleeve,scoop neck,black,white,casual,tight fit,white,blonde
02434_00.jpg,Evans,short sleeve,v-neck,navy blue,white,casual,Loose fit,red,black
02435_00.jpg,Unknown,short sleeve,v-neck,pink,red,casual,tight fit,pink,blonde
02436_00.jpg,Unknown,short sleeve,v-neck,gray,black,casual,tight fit,black,black
02437_00.jpg,Unknown,short sleeve,round neck,white,black,casual,Loose fit,black,brown
02438_00.jpg,Unknown,short sleeve,round neck,gray,white,casual,tight fit,blue,blonde
02439_00.jpg,Unknown,short sleeve,round neck,white,white,casual,tight fit,blue,blonde
02440_00.jpg,Unknown,long sleeve,v-neck,black,Unknown,casual,tight fit,black,blonde
02441_00.jpg,Unknown,long sleeve,turtleneck,navy,white,casual,tight fit,white,black
02442_00.jpg,Unknown,short sleeve,scoop neck,green,light green,casual,tight fit,blue,black
02443_00.jpg,Unknown,short sleeve,circle neckline,pink,white,casual,tight fit,red,brown
02444_00.jpg,Puma,short sleeve,round neck,pink,light pink,casual,tight fit,black,black
02445_00.jpg,Unknown,short sleeve,round neck,black,silver,casual,tight fit,red,blonde
02446_00.jpg,Unknown,short sleeve,square neck,black,unknown,casual,tight fit,blue,red
02447_00.jpg,H&M,Unknown,V-neck,White,Unknown,Casual,tight fit,white,blonde
02449_00.jpg,Unknown,Three-quarter sleeve,V-neck,White,Unknown,Casual,tight fit,blue,black
02450_00.jpg,Unknown,short sleeve,v-neck,white,white,casual,tight fit,brown,blonde
02451_00.jpg,Levi's,short sleeve,round neck,white,pink,casual,tight fit,black,brown
02452_00.jpg,Anna Field,short sleeve,round neck,blue,black,casual,loose fit,black,blonde
02453_00.jpg,Gap,short sleeve,v-neck,pink,unknown,casual,Loose fit,Pink,Brown
02454_00.jpg,Unknown,long sleeve,high-neck,black,unknown,casual,tight fit,black,black
02455_00.jpg,Unknown,long sleeve,scoop neck,white,white,casual,tight fit,white,black
02456_00.jpg,Unknown,short sleeve,scoop neck,white,black,casual,Loose fit,black,blonde
02458_00.jpg,Unknown,short sleeve,off-shoulder,red,white,casual,tight fit,white,black
02461_00.jpg,Missguided,Short sleeve,Round neck,White,Orange,Casual,Loose fit,black,black
02462_00.jpg,Unknown,short sleeve,round neck,white,black,casual,Loose fit,white,blonde
02464_00.jpg,RAG,short sleeve,round neck,black,black,casual,tight fit,black,black
02465_00.jpg,Unknown,short sleeve,round neck,red,unknown,casual,tight fit,green,brown
02466_00.jpg,Unknown,Off-shoulder,Unknown,pink,purple,casual,tight fit,black,brown
02467_00.jpg,Fiqua K,short sleeve,round neck,dark blue,black,casual,tight fit,beige,blonde
02468_00.jpg,Unknown,long sleeve,v-neck,black,unknown,casual,tight fit,blue,black
02469_00.jpg,Unknown,long sleeve,crew neck,white,unknown,casual,tight fit,white,blonde
02472_00.jpg,Unknown,short sleeve,scoop neck,white,unknown,casual,tight fit,black,brown
02474_00.jpg,Marc O'Polo,short sleeve,round neck,white,gray,casual,tight fit,black,blonde
02475_00.jpg,Unknown,short sleeve,round neck,black,white,casual,loose fit,black,blonde
02476_00.jpg,Under Armour,long sleeve,cowl neck,pale blue,light blue,casual,loose fit,blue,blonde
02477_00.jpg,Unknown,short sleeve,v-neck,white,white,casual,tight fit,blue,blonde
02478_00.jpg,Unknown,short sleeve,round neck,blue,red,casual,loose fit,blue,blonde
02479_00.jpg,Weekday,short sleeve,round neck,white,white,casual,tight fit,blue,black
02480_00.jpg,Unknown,short sleeve,circle neck,white,yellow,unknown,tight fit,green,black
02481_00.jpg,Miss O'Fall,short sleeve,round neck,pink,light pink,casual,Loose fit,Pink,Black
02482_00.jpg,Gap,short sleeve,v-neck,blue,unknown,casual,tight fit,blue,black
02483_00.jpg,Unknown,long sleeve,crew neck,white,unknown,casual,tight fit,pink,brown
02484_00.jpg,Zalando,short sleeve,scoop neck,black,unknown,casual,loose fit,black,blonde
02485_00.jpg,Unknown,short sleeve,v-neck,pink,black,casual,tight fit,black,brown
02486_00.jpg,Unknown,short sleeve,round neck,black,white,casual,tight fit,white,blonde
02487_00.jpg,Unknown,short sleeve,round neck,black,white,casual,tight fit,black,blonde
02488_00.jpg,USA,short sleeve,round neck,red,white,casual,Loose fit,red,blonde
02489_00.jpg,Max Mara,long sleeve,round neck,blue,green,casual,tight fit,orange,black
02490_00.jpg,Unknown,short sleeve,v-neck,white,white,casual,tight fit,blue,brown
02492_00.jpg,Anna Field,short sleeve,v-neck,black,unknown,casual,tight fit,black,blonde
02494_00.jpg,Unknown,short sleeve,v-neck,black,unknown,casual,tight fit,brown,black
02495_00.jpg,Glamorous,long sleeve,polo collar,white,unknown,casual,Loose fit,White,Black
02496_00.jpg,Unknown,short sleeve,scoop neck,white,unknown,casual,loose fit,red,black
02498_00.jpg,Yellow,Unknown,Round neck,Yellow,Unknown,Casual,tight fit,yellow,brown
02499_00.jpg,Reebok,one shoulder,neckline,black,white,casual,tight fit,beige,black
02501_00.jpg,Unknown,long sleeve,cowl neck,green,white,casual,tight fit,green,blonde
02502_00.jpg,Opus,cap sleeve,v-neck,dark gray,dark gray,casual,tight fit,blue,brown
02503_00.jpg,Unknown,sleeveless,round neck,black,pink,casual,tight fit,blue,blonde
02504_00.jpg,Unknown,short sleeve,round neck,black,gray,casual,tight fit,black,brown
02506_00.jpg,Unknown,sleeveless,v-neck,green,brown,casual,tight fit,black,brown
02509_00.jpg,Unknown,long sleeve,circle neckline,white,pink,casual,tight fit,red,black
02510_00.jpg,Anna Field,sleeveless,round neck,blue,white,casual,tight fit,white,blonde
02511_00.jpg,Unknown,short sleeve,scoop neck,blue,black,casual,tight fit,white,black
02512_00.jpg,Unknown,short sleeve,v-neck,pink,pink,casual,Loose fit,orange,brown
02513_00.jpg,PINKO,short sleeve,round neck,white,unknown,casual,tight fit,white,black
02514_00.jpg,DKNY,short sleeve,round neck,white,yellow,casual,tight fit,black,brown
02515_00.jpg,Unknown,short sleeve,round neck,gray,gray,casual,tight fit,gray,blonde
02516_00.jpg,Unknown,long sleeve,v-neck,pink,lace,casual,Loose fit,Pink,Black
02517_00.jpg,Unknown,short sleeve,scoop neck,blue,white,casual,tight fit,white,brown
02519_00.jpg,Unknown,long sleeve,v-neck,beige,blue,casual,Loose fit,black,brown
02520_00.jpg,Unknown,short sleeve,round neck,white,black,casual,Loose fit,black,blonde
02521_00.jpg,Unknown,long sleeve,v-neck,beige,blue,casual,Loose fit,black,brown
02522_00.jpg,"GivenBody
Unknown",short sleeve,square neck,black,unknown,casual,tight fit,black,brown
02524_00.jpg,Unknown,long sleeve,off-shoulder,red,white,casual,Loose fit,red,black
02526_00.jpg,Marc O'Polo,short sleeve,round neck,red,white,casual,tight fit,red,black
02528_00.jpg,NEW GIRL ORDER,Short sleeve,crew neck,white,green,casual,tight fit,black,black
02529_00.jpg,Unknown,Long sleeve,Round neck,Gray,Red,Casual,tight fit,gray,black
02531_00.jpg,Unknown,short sleeve,round neck,white,yellow,casual,Loose fit,black,black
02533_00.jpg,Unknown,long sleeve,boat neck,red,unknown,casual,tight fit,red,black
02537_00.jpg,Unknown,short sleeve,circle neckline,white,pink,casual,tight fit,light blue,blonde
02538_00.jpg,ONLY,short sleeve,scoop neck,white,gray,casual,tight fit,white,black
02539_00.jpg,Unknown,long sleeve,v-neck,yellow,yellow,casual,Loose fit,yellow,brown
02540_00.jpg,VILA,short sleeve,round neck,black,unknown,casual,tight fit,black,brown
02541_00.jpg,Black,long sleeve,v-neck,black,unknown,casual,tight fit,black,brown
02542_00.jpg,Unknown,long sleeve,turtleneck,navy blue,white,casual,tight fit,blue,blonde
02543_00.jpg,Unknown,short sleeve,v-neck,blue,unknown,casual,tight fit,blue,blonde
02544_00.jpg,Unknown,short sleeve,hal,black,gray,casual,tight fit,black,brown
02545_00.jpg,Levi's,short sleeve,round neck,blue,red,casual,tight fit,blue,black
02546_00.jpg,Unknown,short sleeve,v-neck,pink,unknown,casual,Loose fit,Black,Blonde
02548_00.jpg,Puma,short sleeve,scoop neck,dark blue,white,casual,tight fit,brown,black
02551_00.jpg,Folma K,short sleeve,round neck,black,unknown,casual,tight fit,blue,black
02552_00.jpg,Unknown,short sleeve,circle neckline,white,gray,casual,tight fit,black,brown
02554_00.jpg,Even&Coop,short sleeve,round neck,white,gray,casual,tight fit,blue,brown
02555_00.jpg,Unknown,short sleeve,round neck,red,orange,casual,Loose fit,orange,black
02556_00.jpg,Unknown,Unknown,v-neck,white,pink,casual,tight fit,white,blonde
02558_00.jpg,Unknown,long sleeve,v-neck,burgundy,red,casual,tight fit,black,brown
02559_00.jpg,Unknown,short sleeve,v-neck,black,white,casual,tight fit,black,blonde
02560_00.jpg,Unknown,Short sleeve,Round neck,White,Unknown,Casual,Loose fit,red,blonde
02561_00.jpg,Tommy Sport,short sleeve,round neck,gray,white,casual,loose fit,black,black
02562_00.jpg,Unknown,long sleeve,high-neck,red,unknown,casual,tight fit,red,brown
02563_00.jpg,Unknown,long sleeve,turtleneck,yellow,unknown,casual,tight fit,orange,blonde
02564_00.jpg,Only NY,long sleeve,scoop neck,green,brown,casual,tight fit,white,blonde
02566_00.jpg,#Journey,short sleeve,round neck,red,coral,casual,Loose fit,red,black
02567_00.jpg,Summer Things,long sleeve,cowl neck,gray,gray,casual,loose fit,gray,black
02569_00.jpg,MO'P,short sleeve,round neck,teal,white,casual,tight fit,blue,black
02571_00.jpg,Unknown,short sleeve,v-neck,pink,red,casual,tight fit,white,blonde
02573_00.jpg,Polo,short sleeve,round neck,yellow,blue,casual,loose fit,blue,blonde
02574_00.jpg,Levi's,short sleeve,round neck,white,red,casual,Loose fit,Black,Blonde
02575_00.jpg,Unknown,sleeveless,round neck,black,pink,casual,tight fit,black,brown
02576_00.jpg,Unknown,short sleeve,v-neck,white,white,casual,tight fit,black,blonde
02577_00.jpg,Unknown,long sleeve,scoop neck,black,unknown,casual,tight fit,black,brown
02578_00.jpg,Unknown,Three-quarter sleeve,Scoop neck,Orange,Unknown,Casual,tight fit,orange,blonde
02580_00.jpg,Unknown,short sleeve,round neck,black,white,casual,Loose fit,black,brown
02581_00.jpg,mi,three-quarter sleeve,round neck,blue,light blue,casual,tight fit,gray,blonde
02582_00.jpg,Unknown,short sleeve,circle neck,yellow,unknown,casual,Loose fit,black,red
02585_00.jpg,Unknown,long sleeve,v-neck,black,gray,casual,tight fit,black,blonde
02586_00.jpg,Unknown,long sleeve,v-neck,navy,white,casual,tight fit,black,brown
02587_00.jpg,Unknown,long sleeve,circle neckline,pink,unknown,casual,tight fit,white,blonde
02588_00.jpg,Unknown,short sleeve,circle neckline,black,teal,casual,tight fit,black,blonde
02589_00.jpg,Unknown,short sleeve,cowl neck,navy blue,navy blue,casual,tight fit,blue,brown
02590_00.jpg,Unknown,short sleeve,v-neck,black,unknown,casual,tight fit,black,blonde
02591_00.jpg,Purple,long sleeve,Peter Pan collar,purple,unknown,casual,tight fit,purple,black
02592_00.jpg,Unknown,short sleeve,high neckline,green,yellow,casual,Loose fit,beige,brown
02593_00.jpg,Tommy Hilfiger,short sleeve,polo collar,light pink,white,casual,tight fit,navy blue,brown
02596_00.jpg,Unknown,short sleeve,cowl neck,dark gray,gray,casual,tight fit,black,black
02597_00.jpg,Unknown,short sleeve,round neck,light blue,white,casual,tight fit,white,blonde
02599_00.jpg,Unknown,long sleeve,v-neck,white,unknown,casual,tight fit,gray,blonde
02600_00.jpg,Unknown,short sleeve,round neck,orange,unknown,casual,tight fit,gray,black
02601_00.jpg,Unknown,short sleeve,deep V-neck,yellow,yellow,casual,Loose fit,yellow,black
02602_00.jpg,Unknown,short sleeve,mock neck,black,white,casual,tight fit,red,black
02603_00.jpg,Unknown,short sleeve,v-neck,red,unknown,casual,loose fit,red,black
02604_00.jpg,Unknown,long sleeve,boat neck,pink,red,casual,tight fit,white,black
02606_00.jpg,Puma,short sleeve,square neck,black,white,casual,tight fit,purple,brown
02607_00.jpg,Unknown,long sleeve,crew neck,white,unknown,casual,loose fit,white,black
02608_00.jpg,Unknown,long sleeve,turtleneck,unknown,unknown,casual,tight fit,black,blonde
02609_00.jpg,Disney,short sleeve,round neck,white,black,casual,tight fit,black,brown
02610_00.jpg,Love Moschino,short sleeve,round neck,red,yellow,casual,Loose fit,red,black
02611_00.jpg,Unknown,long sleeve,v-neck,teal,teal,casual,tight fit,blue,blonde
02613_00.jpg,Unknown,sleeveless,round neck,blue,navy blue,casual,tight fit,beige,blonde
02615_00.jpg,Unknown,short sleeve,circle neck,yellow,green,casual,tight fit,blue,black
02616_00.jpg,Unknown,short sleeve,v-neck,black,unknown,casual,tight fit,black,brown
02617_00.jpg,Unknown,long sleeve,turtleneck,maroon,red,casual,tight fit,red,brown
02618_00.jpg,Unknown,long sleeve,turtleneck,black,unknown,casual,tight fit,black,black
02621_00.jpg,Unknown,long sleeve,boatneck,red,blue,casual,tight fit,blue,blonde
02622_00.jpg,MISSGUIDED,long sleeve,boat neck,pale blue,light blue,casual,loose fit,black,blonde
02623_00.jpg,Black,short sleeve,round neck,black,unknown,casual,tight fit,black,brown
02624_00.jpg,Missguided,long sleeve,V-neck,white,yellow,casual,tight fit,blue,black
02625_00.jpg,Evans,three-quarter sleeve,scoop neck,blue,white,casual,Loose fit,blue,black
02626_00.jpg,The North Face,short sleeve,round neck,black,white,casual,tight fit,green,black
02629_00.jpg,Unknown,short sleeve,v-neck,white,unknown,casual,tight fit,black,brown
02630_00.jpg,Unknown,short sleeve,crew neck,yellow,orange,casual,tight fit,yellow,brown
02632_00.jpg,Unknown,long sleeve,v-neck,pink,light blue,casual,loose fit,black,blonde
02633_00.jpg,Unknown,Short sleeve,Scoop neck,Navy blue,Unknown,Casual,Loose fit,blue,black
02634_00.jpg,Unknown,short sleeve,v-neck,purple,pink,casual,tight fit,black,blonde
02635_00.jpg,Unknown,short sleeve,off-shoulder,blue,unknown,casual,tight fit,white,blonde
02637_00.jpg,Unknown,long sleeve,v-neck,black,unknown,casual,tight fit,pink,brown
02638_00.jpg,Unknown,short sleeve,scoop neck,gray,gray,casual,loose fit,gray,blonde
02639_00.jpg,Unknown,short sleeve,v-neck,yellow,unknown,casual,Loose fit,yellow,black
02641_00.jpg,Unknown,short sleeve,v-neck,green,black,casual,tight fit,white,blonde
02642_00.jpg,Unknown,short sleeve,v-neck,white,red,casual,tight fit,white,brown
02643_00.jpg,Unknown,Short Sleeve,Round Neck,Navy Blue,White,Casual,tight fit,blue,brown
02644_00.jpg,Fila,short sleeve,round neck,pink,black,casual,Plus size,blue,brown
02646_00.jpg,Unknown,short sleeve,round neck,black,red,casual,loose fit,blue,black
02647_00.jpg,Unknown,long sleeve,round neck,black,lace,casual,loose fit,black,blonde
02648_00.jpg,AMGY,short sleeve,round neck,white,white,casual,tight fit,black,blonde
02650_00.jpg,ONLY,sleeveless,circle neckline,black,unknown,casual,tight fit,blue,black
02651_00.jpg,Unknown,long sleeve,boat neck,green,unknown,casual,tight fit,green,black
02652_00.jpg,Kani,short sleeve,scoop neck,black,orange,casual,tight fit,black,brown
02654_00.jpg,Unknown,short sleeve,v-neck,blue,unknown,casual,tight fit,black,blonde
02655_00.jpg,Unknown,short sleeve,round neck,black,white,casual,tight fit,blue,brown
02656_00.jpg,Unknown,long sleeve,off-shoulder,black,beige,casual,Loose fit,black,brown
02658_00.jpg,Yellow,Off-shoulder,Scoop neck,Yellow,Yellow,Casual,Loose fit,yellow,brown
02661_00.jpg,Black,short sleeve,round neck,black,unknown,casual,tight fit,black,brown
02662_00.jpg,Unknown,long sleeve,boat neck,blue,black,casual,tight fit,blue,blonde
02664_00.jpg,Unknown,short sleeve,v-neck,black,unknown,casual,tight fit,black,blonde
02667_00.jpg,Unknown,short sleeve,v-neck,black,lace,casual,tight fit,black,blonde
02670_00.jpg,Unknown,Unknown,v-neck,pink,unknown,casual,Loose fit,Pink,Black
02671_00.jpg,KIOMI,short sleeve,scoop neck,black,white,casual,Loose fit,black,blonde
02674_00.jpg,My Malene,short sleeve,round neck,white,gold,casual,tight fit,blue,black
02675_00.jpg,Mads Nørgaard,long sleeve,crew neck,pink,red,casual,tight fit,blue,black
02676_00.jpg,Unknown,short sleeve,scoop neck,black,gold,casual,tight fit,black,brown
02677_00.jpg,Unknown,long sleeve,square neck,white,black,casual,tight fit,white,black
02678_00.jpg,Unknown,sleeveless,v-neck,gray,gray,casual,tight fit,white,blonde
02680_00.jpg,Kickers,long sleeve,round neck,blue,black,casual,Loose fit,black,pink
02681_00.jpg,Unknown,long sleeve,v-neck,black,pink,casual,tight fit,white,black
02683_00.jpg,Unknown,short sleeve,Peter Pan collar,beige,white,casual,tight fit,white,black
02684_00.jpg,Puma,sleeveless,round neck,black,pink,casual,tight fit,yellow,blonde
02685_00.jpg,G-Star,long sleeve,round neck,white,unknown,casual,tight fit,gray,black
02686_00.jpg,Fila,Short sleeve,Round neck,White,Black,Casual,tight fit,white,black
02687_00.jpg,Unknown,short sleeve,round neck,red,unknown,casual,tight fit,blue,black
02689_00.jpg,Calvin Klein,short sleeve,crew neck,white,green,casual,tight fit,black,blonde
02690_00.jpg,Michael Kors,short sleeve,round neck,gray,pink,casual,tight fit,blue,brown
02691_00.jpg,Black,long sleeve,boat neckline,black,unknown,casual,tight fit,red,black
02692_00.jpg,Sixames,long sleeve,v-neck,black,Unknown,casual,tight fit,black,brown
02696_00.jpg,Unknown,short sleeve,hal neck,red,yellow,casual,tight fit,red,blonde
02697_00.jpg,Unknown,long sleeve,turtleneck,teal,teal,casual,tight fit,white,blonde
02698_00.jpg,mi,long sleeve,v-neck,navy blue,yellow,casual,loose fit,blue,blonde
02699_00.jpg,Unknown,short sleeve,boat neck,navy blue,white,casual,tight fit,blue,black
02700_00.jpg,Zizzi,Three-Quarter Sleeve,V-Neck,Black,Silver,Casual,tight fit,black,brown
02701_00.jpg,Unknown,short sleeve,round neck,gray,gray,casual,tight fit,black,blonde
02702_00.jpg,Unknown,short sleeve,high neck,orange,unknown,casual,tight fit,white,blonde
02703_00.jpg,Unknown,Short sleeve,Round neck,Navy blue,Navy blue,Casual,tight fit,blue,black
02704_00.jpg,Karl Lagerfeld,short sleeve,circle neck,white,black,casual,tight fit,blue,brown
02705_00.jpg,Unknown,short sleeve,round neck,white,gray,casual,tight fit,red,black
02706_00.jpg,Unknown,long sleeve,circle neckline,navy,pink,casual,loose fit,black,blonde
02707_00.jpg,Unknown,short sleeve,round neck,black,unknown,casual,loose fit,black,blonde
02708_00.jpg,Unknown,long sleeve,cowl neck,black,dotted,casual,tight fit,black,blonde
02709_00.jpg,Unknown,long sleeve,boat neckline,red,unknown,casual,tight fit,red,black
02710_00.jpg,Unknown,short sleeve,boat neck,black,secondary color unknown,casual,tight fit,black,black
02711_00.jpg,Loll Skye,long sleeve,square neck,red,red,casual,loose fit,red,black
02712_00.jpg,Unknown,short sleeve,high-neck,red,black,casual,tight fit,red,blonde
02713_00.jpg,Unknown,long sleeve,ruffled collar,dark blue,silver,casual,tight fit,green,black
02714_00.jpg,Unknown,short sleeve,round neck,blue,green,casual,Loose fit,blue,blonde
02715_00.jpg,Unknown,short sleeve,round neck,pink,green,casual,Loose fit,black,black
02716_00.jpg,Unknown,short sleeve,cowl neck,teal,pink,casual,tight fit,white,blonde
02718_00.jpg,Unknown,short sleeve,high neck,black,purple,formal,tight fit,blue,brown
02719_00.jpg,Polo,short sleeve,crew neck,gray,green,casual,Loose fit,gray,blonde
02720_00.jpg,Unknown,short sleeve,crew neck,white,pink,casual,tight fit,blue,blonde
02721_00.jpg,Unknown,short sleeve,circle neckline,pink,unknown,casual,Loose fit,hot pink,black
02722_00.jpg,Aware,Short sleeve,Scoop neck,Black,White,Casual,tight fit,black,black
02723_00.jpg,Unknown,short sleeve,round neck,white,gray,casual,tight fit,blue,black
02724_00.jpg,Unknown,long sleeve,turtleneck,gray,gray,casual,tight fit,gray,brown
02725_00.jpg,Chloé,short sleeve,scoop neck,white,beige,casual,tight fit,black,blonde
02728_00.jpg,Unknown,short sleeve,round neck,green,gray,casual,tight fit,black,black
02729_00.jpg,Unknown,Three-quarter sleeve,Scoop neck,Navy blue,White,Casual,tight fit,navy blue,blonde
02730_00.jpg,Unknown,short sleeve,deep V-neck,unknown,unknown,casual,tight fit,black,brown
02731_00.jpg,Saraocico Zamboni,short sleeve,round neck,pink,pink,casual,Loose fit,Pink,Brown
02732_00.jpg,Unknown,short sleeve,round neck,dark blue,white,casual,tight fit,blue,black
02733_00.jpg,Unknown,long sleeve,round neck,black,lace,casual,tight fit,red,blonde
02734_00.jpg,Unknown,short sleeve,high-neck,yellow,neon yellow,casual,Loose fit,yellow,black
02735_00.jpg,Nature & Thread,long sleeve,v-neck,pink,red,casual,tight fit,red,black
02736_00.jpg,Unknown,long sleeve,v-neck,brown,black,casual,Loose fit,Black,Blonde
02737_00.jpg,Unknown,short sleeve,round neck,black,red,summer,tight fit,blue,blonde
02738_00.jpg,Zizzi,long sleeve,v-neck,black,unknown,casual,Loose fit,black,blonde
02739_00.jpg,Unknown,short sleeve,round neck,black,white,casual,tight fit,blue,blonde
02740_00.jpg,Unknown,sleeveless,round neck,orange,unknown,casual,tight fit,orange,black
02741_00.jpg,American Eagle,short sleeve,round neck,white,yellow,casual,tight fit,blue,brown
02744_00.jpg,Unknown,long sleeve,off-shoulder,yellow,gray,casual,Loose fit,yellow,black
02745_00.jpg,Fila,short sleeve,round neck,black,red,casual,loose fit,black,blonde
02746_00.jpg,Unknown,short sleeve,v-neck,white,white,casual,tight fit,pink,blonde
02747_00.jpg,Unknown,short sleeve,deep V-neck,red,unknown,casual,tight fit,white,brown
02748_00.jpg,Unknown,short sleeve,round neck,red,coral,casual,tight fit,black,blonde
02749_00.jpg,Unknown,sleeveless,mock neck,orange,brown,casual,tight fit,orange,brown
02751_00.jpg,Unknown,short sleeve,round neck,gray,unknown,casual,loose fit,green,blonde
02752_00.jpg,Unknown,short sleeve,cowl neck,green,black,casual,tight fit,white,black
02753_00.jpg,Unknown,short sleeve,round neck,gray,gray,casual,Loose fit,black,blonde
02754_00.jpg,G-Star,short sleeve,round neck,dark blue,green,casual,tight fit,blue,brown
02755_00.jpg,Kaffe,long sleeve,v-neck,navy,yellow,casual,tight fit,white,blonde
02756_00.jpg,Unknown,short sleeve,v-neck,black,unknown,casual,tight fit,blue,black
02758_00.jpg,Unknown,short sleeve,v-neck,black,lace,casual,tight fit,black,brown
02761_00.jpg,Unknown,long sleeve,boat neck,white,unknown,casual,Loose fit,blue,black
02762_00.jpg,Unknown,short sleeve,round neck,black,unknown,casual,tight fit,black,blonde
02764_00.jpg,Unknown,long sleeve,crew neck,green,red,casual,tight fit,gray,black
02766_00.jpg,Unknown,short sleeve,strapless,gray,unknown,informal,tight fit,gray,blonde
02767_00.jpg,Banana Republic,Short sleeve,Round neck,White,Unknown,casual,tight fit,white,black
02769_00.jpg,Anna Field,short sleeve,scoop neck,purple,blue,casual,tight fit,white,blonde
02772_00.jpg,Unknown,long sleeve,v-neck,green,navy blue,casual,tight fit,green,red
02773_00.jpg,Unknown,long sleeve,scoop neck,white,blue,casual,Loose fit,black,brown
02774_00.jpg,Unknown,short sleeve,scoop neck,white,gray,casual,tight fit,black,brown
02775_00.jpg,Levi's,short sleeve,round neck,red,blue,casual,Loose fit,red,black
02776_00.jpg,Unknown,short sleeve,round neck,white,pink,casual,tight fit,blue,brown
02777_00.jpg,Unknown,short sleeve,cowl neck,white,green,casual,tight fit,blue,brown
02778_00.jpg,Unknown,short sleeve,square neck,black,black,casual,tight fit,black,black
02779_00.jpg,Unknown,short sleeve,v-neck,blue,gray,casual,tight fit,blue,black
02780_00.jpg,Unknown,short sleeve,cowl neck,pink,unknown,casual,tight fit,pink,blonde
02781_00.jpg,Obey,long sleeve,round neck,purple,dark purple,casual,Loose fit,Purple,Black
02782_00.jpg,Unknown,short sleeve,round neck,red,blue,casual,tight fit,white,black
02784_00.jpg,Unknown,sleeveless,round neck,pink,white,casual,tight fit,white,blonde
02785_00.jpg,Pepe Jeans,long sleeve,boat neck,white,blue,casual,tight fit,blue,brown
02787_00.jpg,Lee,short sleeve,round neck,white,blue,casual,Loose fit,blue,black
02789_00.jpg,Desigual,short sleeve,round neck,black,multicolored,casual,Loose fit,orange,black
02791_00.jpg,Gap,short sleeve,round neck,black,unknown,casual,tight fit,black,blonde
02792_00.jpg,Unknown,short sleeve,v-neck,yellow,yellow,casual,tight fit,black,brown
02794_00.jpg,SIX AMES,short sleeve,round neck,pink,black,casual,tight fit,white,black
02795_00.jpg,Unknown,short sleeve,polo collar,light blue,red,casual,Loose fit,red,blonde
02796_00.jpg,Gap,short sleeve,v-neck,gray,gray,casual,tight fit,pink,brown
02797_00.jpg,Unknown,sleeveless,v-neck,purple,unknown,casual,tight fit,black,brown
02798_00.jpg,Unknown,short sleeve,round neck,black,unknown,casual,tight fit,blue,brown
02799_00.jpg,Aware,long sleeve,v-neck,beige,brown,casual,tight fit,black,blonde
02800_00.jpg,Unknown,short sleeve,boat neck,black,white,casual,tight fit,black,blonde
02801_00.jpg,Gap,short sleeve,round neck,gray,white,casual,loose fit,black,blonde
02802_00.jpg,Ittaniya,short sleeve,v-neck,orange,orange,casual,Loose fit,orange,black
02803_00.jpg,Unknown,short sleeve,round neck,white,white,casual,tight fit,white,black
02804_00.jpg,Gap,short sleeve,round neck,black,unknown,casual,tight fit,black,blonde
02805_00.jpg,new balance,short sleeve,crew neck,white,light blue,casual,Loose fit,black,black
02806_00.jpg,Sunday,short sleeve,scoop neck,white,black,casual,tight fit,black,blonde
02808_00.jpg,Unknown,long sleeve,circle neckline,teal,teal,casual,tight fit,black,brown
02809_00.jpg,Unknown,short sleeve,v-neck,black,gray,casual,tight fit,white,black
02811_00.jpg,Unknown,Three-quarter sleeve,Scoop neck,White,Red,Casual,tight fit,blue,blonde
02812_00.jpg,Unknown,short sleeve,deep V-neck,black,gray,casual,tight fit,black,black
02813_00.jpg,Unknown,long sleeve,turtleneck,yellow,unknown,casual,tight fit,black,black
02814_00.jpg,Malene Birger,short sleeve,round neck,white,black,casual,tight fit,black,black
02816_00.jpg,KIOMI,Three-quarter sleeve,Square neckline,White,Unknown,Casual,tight fit,brown,black
02817_00.jpg,Unknown,long sleeve,high-neck,blue,yellow,casual,tight fit,green,black
02819_00.jpg,Unknown,short sleeve,v-neck,black,unknown,casual,Loose fit,black,brown
02821_00.jpg,Unknown,short sleeve,round neck,black,pink,casual,tight fit,black,black
02822_00.jpg,Unknown,long sleeve,boat neck,black,Unknown,casual,Loose fit,black,black
02823_00.jpg,Unknown,sleeveless,round neck,blue,yellow,casual,Loose fit,yellow,brown
02825_00.jpg,Zioni,Unknown,High Neck,Unknown,Unknown,Formal,tight fit,brown,blonde
02826_00.jpg,Unknown,short sleeve,round neck,pink,light pink,casual,tight fit,pink,black
02827_00.jpg,Unknown,short sleeve,round neck,black,white,casual,Loose fit,black,brown
02828_00.jpg,Unknown,long sleeve,round neck,yellow,yellow,casual,Loose fit,Yellow,Black
02829_00.jpg,Even Good,short sleeve,round neck,white,brown,casual,Loose fit,black,brown
02830_00.jpg,Under Armour,long sleeve,V-neck,black,red,casual,tight fit,blue,brown
02831_00.jpg,Esprit,short sleeve,scoop neck,beige,beige,casual,tight fit,white,black
02832_00.jpg,even&odd,short sleeve,cowl neck,white,cream,casual,tight fit,blue,black
02833_00.jpg,Unknown,short sleeve,round neck,white,pink,casual,Loose fit,black,black
02834_00.jpg,Unknown,short sleeve,mock neck,black,unknown,casual,tight fit,black,brown
02835_00.jpg,Unknown,short sleeve,round neck,white,white,casual,tight fit,gray,brown
02837_00.jpg,G-Star,short sleeve,round neck,black,white,casual,tight fit,black,black
02838_00.jpg,Gap,short sleeve,round neck,white,pastel,casual,tight fit,black,blonde
02839_00.jpg,Petit Bateau,long sleeve,circle neck,white,gray,casual,tight fit,blue,blonde
02840_00.jpg,Unknown,short sleeve,round neck,black,white,casual,tight fit,blue,blonde
02841_00.jpg,Unknown,short sleeve,round neck,black,multicolored,casual,loose fit,blue,blonde
02842_00.jpg,Unknown,long sleeve,round neck,black,white,casual,tight fit,blue,brown
02843_00.jpg,KIOMI,short sleeve,crew neck,light blue,gray,casual,tight fit,black,brown
02845_00.jpg,Unknown,long sleeve,v-neck,pink,pink,casual,Loose fit,pink,blonde
02846_00.jpg,Zara,Short sleeve,V-neck,White,Gold,Casual,Loose fit,red,blonde
02847_00.jpg,Unknown,short sleeve,scoop neck,brown,green,casual,tight fit,olive green,brown
02850_00.jpg,Unknown,short sleeve,cowl neck,white,yellow,unknown,tight fit,white,brown
02851_00.jpg,Unknown,short sleeve,round neck,white,white,casual,tight fit,blue,brown
02852_00.jpg,Unknown,long sleeve,bow-neckline,black,Unknown,casual,tight fit,black,black
02853_00.jpg,Tommy Hilfiger,long sleeve,V-neck,blue,navy,casual,tight fit,black,black
02855_00.jpg,OPUS,Short sleeve,Round neck,Navy blue,White,casual,tight fit,blue,blonde
02856_00.jpg,Unknown,long sleeve,high-neck,pink,unknown,casual,Loose fit,pink,blonde
02859_00.jpg,G-Star,short sleeve,crew neck,pink,white,casual,tight fit,blue,blonde
02862_00.jpg,Nike,sleeveless,round neck,white,blue,casual,tight fit,white,black
02863_00.jpg,Unknown,long sleeve,turtleneck,pink,pastel,casual,tight fit,black,brown
02864_00.jpg,Unknown,short sleeve,round neck,maroon,maroon,casual,tight fit,black,black
02865_00.jpg,Blanche,short sleeve,round neck,white,black,casual,Loose fit,red,black
02866_00.jpg,Unknown,short sleeve,round neck,white,red,casual,loose fit,red,black
02867_00.jpg,Unknown,short sleeve,crossover neckline,black,unknown,casual,tight fit,pink,black
02869_00.jpg,Unknown,short sleeve,round neck,orange,unknown,casual,tight fit,black,blonde
02873_00.jpg,Gap,short sleeve,v-neck,navy blue,unknown,casual,tight fit,black,blonde
02874_00.jpg,Unknown,short sleeve,turtleneck,green,brown,casual,tight fit,black,brown
02875_00.jpg,Unknown,short sleeve,v-neck,black,white,casual,tight fit,black,blonde
02877_00.jpg,Unknown,short sleeve,round neck,white,white,casual,tight fit,white,black
02878_00.jpg,Unknown,long sleeve,high-neck,orange,unknown,casual,tight fit,black,black
02879_00.jpg,VILA,long sleeve,V-neck,white,unknown,casual,tight fit,black,blonde
02880_00.jpg,Unknown,Short sleeve,Round neck,White,Red,Casual,tight fit,blue,red
02881_00.jpg,Roxy,short sleeve,round neck,dark blue,pink,casual,tight fit,blue,blonde
02882_00.jpg,Gap,long sleeve,scoop neck,yellow,unknown,casual,Loose fit,yellow,black
02883_00.jpg,Unknown,short sleeve,round neck,white,pink,casual,Loose fit,black,blonde
02884_00.jpg,Yellow,Unknown,Round neck,Yellow,Yellow,Casual,loose fit,orange,black
02885_00.jpg,Unknown,short sleeve,round neck,pink,red,casual,tight fit,white,blonde
02889_00.jpg,Unknown,long sleeve,turtleneck,beige,black,casual,tight fit,blue,brown
02890_00.jpg,Tommy Hilfiger,long sleeve,boat neck,navy blue,white,casual,tight fit,blue,brown
02891_00.jpg,Clothing Unknown,short sleeve,round neck,purple,unknown,casual,tight fit,blue,blonde
02892_00.jpg,Unknown,short sleeve,X-neck,red,red,casual,Loose fit,red,black
02893_00.jpg,Unknown,short sleeve,v-neck,black,lace,casual,tight fit,black,brown
02895_00.jpg,Unknown,short sleeve,round neck,navy blue,green,casual,tight fit,blue,black
02896_00.jpg,Superdry,Long sleeve,Round neck,White,Unknown,casual,tight fit,blue,blonde
02897_00.jpg,Orange,short sleeve,round neck,orange,orange,casual,Loose fit,Orange,Blonde
02898_00.jpg,Unknown,long sleeve,boat neck,dark blue,black,casual,tight fit,black,blonde
02899_00.jpg,Blanche,short sleeve,round neck,green,light green,casual,Loose fit,blue,brown
02900_00.jpg,Unknown,short sleeve,cowl neck,black,unknown,casual,Loose fit,black,black
02901_00.jpg,Unknown,short sleeve,hal neck,white,navy blue,casual,tight fit,black,brown
02903_00.jpg,MSCH,short sleeve,round neck,black,unknown,casual,tight fit,black,blonde
02904_00.jpg,Ragged Jeans,Long Sleeve,V-Neck,White,Yellow,Unknown,tight fit,blue,brown
02905_00.jpg,Esprit,sleeveless,round neck,white,unknown,casual,tight fit,white,blonde
02906_00.jpg,Someday,sleeveless,v-neck,black,unknown,casual,tight fit,black,brown
02907_00.jpg,Piccini,short sleeve,round neck,beige,white,casual,tight fit,black,brown
02908_00.jpg,Obey,long sleeve,round neck,black,white,casual,loose fit,black,blonde
02909_00.jpg,MSCH,Short sleeve,Round neck,Navy blue,Unknown,casual,loose fit,blue,black
02910_00.jpg,Unknown,long sleeve,cowl neck,beige,beige,casual,loose fit,beige,blonde
02913_00.jpg,Unknown,short sleeve,boat neck,black,brown,casual,tight fit,beige,blonde
02916_00.jpg,Unknown,short sleeve,circle neck,gray,yellow,casual,tight fit,blue,blonde
02917_00.jpg,Gorotva-Pepehr,short sleeve,v-neck,white,white,casual,tight fit,black,brown
02918_00.jpg,Unknown,short sleeve,v-neck,black,white,casual,tight fit,black,black
02919_00.jpg,Zizzi,short sleeve,round neck,white,floral,casual,Loose fit,red,black
02920_00.jpg,Unknown,short sleeve,crew neck,white,red,casual,Loose fit,blue,blonde
02921_00.jpg,Unknown,short sleeve,round neck,green,dark green,casual,tight fit,black,brown
02922_00.jpg,Unknown,short sleeve,round neck,black,yellow,casual,tight fit,black,red
02923_00.jpg,Essentiel,three-quarter sleeve,crew neck,dark blue,white,casual,tight fit,blue,brown
02924_00.jpg,ONLY,short sleeve,round neck,red,black,casual,tight fit,white,brown
02925_00.jpg,Unknown,long sleeve,turtleneck,green,green,casual,tight fit,green,brown
02927_00.jpg,Unknown,short sleeve,round neck,blue,unknown,casual,tight fit,blue,black
02929_00.jpg,G-Star Raw,short sleeve,round neck,black,white,casual,tight fit,red,black
02930_00.jpg,Unknown,long sleeve,turtleneck,green,unknown,casual,tight fit,green,blonde
02931_00.jpg,MISSGUIDED,long sleeve,cowl neck,pink,black,casual,tight fit,blue,brown
02932_00.jpg,Unknown,long sleeve,turtleneck,green,green,casual,tight fit,black,black
02933_00.jpg,Unknown,long sleeve,round neck,black,unknown,casual,tight fit,blue,black
02934_00.jpg,Gap,sleeveless,round neck,pink,light pink,casual,tight fit,pink,blonde
02935_00.jpg,Noisy May,short sleeve,crew neck,white,blue,casual,Loose fit,black,brown
02936_00.jpg,Filstaff,short sleeve,round neck,white,white,casual,tight fit,blue,blonde
02937_00.jpg,Unknown,long sleeve,boat neck,black,white,casual,tight fit,blue,blonde
02938_00.jpg,Simply Bee,long sleeve,mock neck,leopard print,brown,casual,Loose fit,black,black
02939_00.jpg,Unknown,long sleeve,high-neck,black,pink,casual,tight fit,black,blonde
02940_00.jpg,Fila,short sleeve,round neck,red,unknown,casual,Loose fit,red,black
02945_00.jpg,Unknown,short sleeve,round neck,white,gray,casual,tight fit,white,blonde
02946_00.jpg,Unknown,short sleeve,scoop neck,blue,white,casual,Loose fit,blue,blonde
02947_00.jpg,cream,short sleeve,v-neck,white,unknown,casual,tight fit,blue,black
02949_00.jpg,Unknown,short sleeve,cowl neck,green,light green,casual,tight fit,green,black
02950_00.jpg,Lee,short sleeve,round neck,light blue,blue,casual,Loose fit,blue,blonde
02951_00.jpg,Unknown,short sleeve,circle neckline,white,yellow,casual,loose fit,yellow,black
02953_00.jpg,Unknown,Short sleeve,Round neck,White,Unknown,Casual,tight fit,brown,black
02954_00.jpg,YY7 & Oak,short sleeve,v-neck,blue,unknown,casual,tight fit,blue,brown
02955_00.jpg,Unknown,long sleeve,boat neckline,navy blue,white,casual,tight fit,black,blonde
02956_00.jpg,Unknown,short sleeve,round neck,black,Unknown,casual,tight fit,black,blonde
02957_00.jpg,Anna Field,sleeveless,v-neck,white,brown,casual,tight fit,black,brown
02958_00.jpg,Unknown,short sleeve,hal high neck,black,unknown,casual,tight fit,black,blonde
02959_00.jpg,even&odd,short sleeve,boat neck,red,black,casual,tight fit,red,blonde
02960_00.jpg,Vans,long sleeve,round neck,white,black,casual,Loose fit,blue,black
02961_00.jpg,Unknown,long sleeve,boat neck,navy blue,navy blue,casual,tight fit,blue,blonde
02962_00.jpg,MSCH,Long sleeve,V-neck,Grey,Unknown,casual,tight fit,black,brown
02963_00.jpg,Vivetta,short sleeve,round neck,black,red,casual,tight fit,red,black
02965_00.jpg,Morgan,Short sleeve,V-neck,Purple,Lace,Casual,tight fit,blue,blonde
02969_00.jpg,She Runs The City,Long Sleeve,V-Neck,Grey,Pink,Casual,tight fit,gray,blonde
02970_00.jpg,Polo,short sleeve,round neck,light blue,pink,casual,Loose fit,Light blue,Brown
02972_00.jpg,Dutch-Mark,long sleeve,scoop neck,black,gold,casual,tight fit,black,blonde
02974_00.jpg,Zita,long sleeve,v-neck,black,pink,casual,tight fit,red,blonde
02976_00.jpg,Unknown,long sleeve,v-neck,pink,light pink,casual,tight fit,black,blonde
02977_00.jpg,Polo,short sleeve,round neck,blue,yellow,casual,loose fit,white,black
02978_00.jpg,Unknown,short sleeve,round neck,black,pink,casual,tight fit,blue,blonde
02979_00.jpg,Mark O'Phee,long sleeve,v-neck,navy blue,white,casual,loose fit,white,black
02980_00.jpg,Unknown,short sleeve,mock neck,black,white,casual,tight fit,black,blonde
02981_00.jpg,Gap,short sleeve,round neck,white,rainbow,casual,Loose fit,Light blue,Blonde
02982_00.jpg,Unknown,short sleeve,round neck,white,white,casual,loose fit,white,blonde
02983_00.jpg,Unknown,Three-quarter sleeve,Round neck,Black,Unknown,Casual,loose fit,black,blonde
02984_00.jpg,Pulp Fiction,short sleeve,round neck,black,white,casual,Loose fit,black,black
02985_00.jpg,G-Star,short sleeve,round neck,beige,black,casual,tight fit,beige,brown
02986_00.jpg,.object,short sleeve,round neck,green,white,casual,tight fit,olive green,brown
02989_00.jpg,Unknown,short sleeve,round neck,blue,unknown,casual,tight fit,black,blonde
02990_00.jpg,Unknown,short sleeve,circle neck,white,pink,casual,Loose fit,blue,blonde
02992_00.jpg,Unknown,long sleeve,round neck,black,unknown,casual,tight fit,red,blonde
02993_00.jpg,Unknown,short sleeve,v-neck,green,green,casual,tight fit,black,brown
02994_00.jpg,"TheCloth in the image can be tagged as follows:

Unknown",short sleeve,scoop neck,black,gray,casual,tight fit,black,blonde
02997_00.jpg,Gap,short sleeve,v-neck,white,unknown,casual,tight fit,white,black
02998_00.jpg,even ooo,short sleeve,round neck,pale yellow,pale yellow,casual,tight fit,blue,black
02999_00.jpg,G-Star,long sleeve,scoop neck,black,unknown,casual,tight fit,blue,blonde
03001_00.jpg,Esprit,short sleeve,round neck,black,white,casual,tight fit,black,blonde
03002_00.jpg,Unknown,short sleeve,scoop neck,white,green,casual,tight fit,white,blonde
03004_00.jpg,s.Ol,short sleeve,round neck,white,red,casual,tight fit,beige,blonde
03007_00.jpg,Fila,short sleeve,mock neck,pink,red,casual,tight fit,white,brown
03008_00.jpg,Unknown,short sleeve,round neck,black,pink,casual,tight fit,gray,black
03009_00.jpg,Unknown,short sleeve,hal collar,white,unknown,casual,tight fit,blue,brown
03011_00.jpg,Jack & Jones,short sleeve,v-neck,black,black,casual,tight fit,black,brown
03012_00.jpg,Unknown,short sleeve,v-neck,black,unknown,casual,tight fit,black,brown
03014_00.jpg,Lee,short sleeve,v-neck,dark blue,black,casual,tight fit,blue,black
03015_00.jpg,Unknown,short sleeve,v-neck,purple,red,casual,tight fit,black,brown
03017_00.jpg,Unknown,short sleeve,cowl neck,olive green,black,casual,tight fit,blue,blonde
03018_00.jpg,Unknown,short sleeve,round neck,green,green,casual,tight fit,blue,black
03019_00.jpg,Unknown,short sleeve,circle neckline,gray,pink,casual,tight fit,black,brown
03020_00.jpg,Unknown,short sleeve,v-neck,green,white,casual,tight fit,green,blonde
03021_00.jpg,Esprit,short sleeve,round neck,white,unknown,casual,Loose fit,white,blonde
03022_00.jpg,Unknown,long sleeve,boat neck,white,pink,casual,tight fit,white,blonde
03023_00.jpg,Vans,short sleeve,round neck,black,white,casual,tight fit,olive green,brown
03024_00.jpg,a.Ol,short sleeve,boat neck,black,white,casual,tight fit,yellow,blonde
03026_00.jpg,Purple,short sleeve,round neck,purple,white,casual,loose fit,blue,blonde
03027_00.jpg,Unknown,short sleeve,round neck,pink,unknown,casual,tight fit,white,black
03028_00.jpg,Missguided,long sleeve,one-shoulder,white,unknown,casual,tight fit,black,blonde
03029_00.jpg,Unknown,short sleeve,circle neckline,blue,white,casual,Loose fit,blue,brown
03030_00.jpg,Unknown,sleeveless,v-neck,white,green,casual,tight fit,brown,blonde
03031_00.jpg,Unknown,short sleeve,circle neckline,light green,light green,casual,Loose fit,green,blonde
03034_00.jpg,Unknown,long sleeve,boat neck,black,gray,casual,tight fit,green,black
03035_00.jpg,Unknown,long sleeve,v-neck,olive,olive,casual,tight fit,blue,brown
03036_00.jpg,Unknown,short sleeve,deep V-neck,black,Unknown,casual,tight fit,brown,blonde
03037_00.jpg,Gap,long sleeve,crew neck,white,black,casual,tight fit,green,brown
03038_00.jpg,Unknown,Long sleeve,V-neck,Blue,Unknown,Casual,tight fit,black,black
03039_00.jpg,Black,Lace,Scoop Neck,Black,Lace,Casual,tight fit,orange,blonde
03040_00.jpg,Gap,short sleeve,scoop neck,white,unknown,casual,tight fit,black,brown
03041_00.jpg,Opus,short sleeve,v-neck,white,gray,casual,tight fit,black,blonde
03042_00.jpg,Unknown,short sleeve,crew neck,white,red,casual,tight fit,black,brown
03043_00.jpg,Unknown,long sleeve,cowl neck,green,green,casual,tight fit,black,blonde
03044_00.jpg,Anna Field,short sleeve,round neck,blue,green,casual,loose fit,white,brown
03046_00.jpg,mint & berry,short sleeve,circle neckline,pale blue,white,casual,tight fit,white,brown
03047_00.jpg,Unknown,long sleeve,v-neck,yellow,multi-colored,casual,tight fit,black,blonde
03048_00.jpg,Even Cool,short sleeve,off-shoulder,pink,red,casual,tight fit,black,brown
03049_00.jpg,Unknown,short sleeve,high neck,yellow,unknown,casual,Loose fit,Yellow,Brown
03050_00.jpg,Champion,short sleeve,round neck,gray,blue,casual,Loose fit,red,black
03051_00.jpg,even oco,short sleeve,crew neck,orange,unknown,casual,tight fit,orange,blonde
03053_00.jpg,Dickies,long sleeve,round neck,white,purple,casual,Loose fit,purple,black
03055_00.jpg,Unknown,long sleeve,v-neck,green,brown,casual,Loose fit,black,blonde
03056_00.jpg,Gap,short sleeve,scoop neck,black,unknown,casual,tight fit,blue,brown
03059_00.jpg,Pepe Jeans,short sleeve,round neck,white,blue,casual,Loose fit,black,blonde
03060_00.jpg,Unknown,short sleeve,v-neck,brown,yellow,casual,tight fit,black,blonde
03062_00.jpg,Unknown,Short Sleeve,Scoop Neck,Gray,Gray,Casual,tight fit,gray,black
03064_00.jpg,Evans,short sleeve,V-neck,black,white,casual,tight fit,blue,brown
03065_00.jpg,Unknown,short sleeve,crew neck,gray,unknown,casual,tight fit,green,black
03066_00.jpg,Unknown,long sleeve,round neck,white,white,casual,tight fit,blue,black
03069_00.jpg,Unknown,long sleeve,round neck,black,yellow,casual,tight fit,black,blonde
03070_00.jpg,Unknown,long sleeve,boat neck,yellow,red,casual,tight fit,green,blonde
03071_00.jpg,Fiorucci,long sleeve,round neck,red,white,casual,tight fit,blue,black
03072_00.jpg,Unknown,Long sleeve,Scoop neck,White,Unknown,Casual,tight fit,white,blonde
03074_00.jpg,Unknown,short sleeve,round neck,white,black,casual,tight fit,blue,brown
03076_00.jpg,Unknown,Three-quarter sleeve,Scoop neck,Black,Unknown,Casual,tight fit,black,brown
03077_00.jpg,Unknown,short sleeve,v-neck,white,white,casual,tight fit,red,blonde
03078_00.jpg,Unknown,long sleeve,boat neck,black,golden,casual,tight fit,black,brown
03079_00.jpg,Unknown,short sleeve,round neck,maroon,maroon,casual,loose fit,red,black
03080_00.jpg,Gap,short sleeve,v-neck,white,unknown,casual,tight fit,blue,blonde
03084_00.jpg,Unknown,short sleeve,round neck,yellow,yellow,casual,tight fit,yellow,brown
03085_00.jpg,Levi's,short sleeve,round neck,white,red,casual,loose fit,blue,brown
03086_00.jpg,Opus,cap sleeve,v-neck,dark blue,navy blue,casual,tight fit,red,blonde
03087_00.jpg,Unknown,long sleeve,v-neck,purple,unknown,casual,tight fit,black,brown
03088_00.jpg,Hollister,short sleeve,round neck,black,white,casual,tight fit,orange,brown
03090_00.jpg,MONKI,long sleeve,cowl neck,black,white,casual,tight fit,black,brown
03091_00.jpg,Marc O'Polo,long sleeve,scoop neck,red,unknown,casual,Loose fit,red,blonde
03092_00.jpg,Opus,short sleeve,round neck,black,black,casual,tight fit,black,brown
03093_00.jpg,Unknown,short sleeve,circle neckline,white,gray,casual,tight fit,blue,brown
03094_00.jpg,Unknown,short sleeve,v-neck,blue,white,casual,Loose fit,blue,blonde
03095_00.jpg,Gap,short sleeve,scoop neck,white,white,casual,tight fit,blue,brown
03096_00.jpg,Nike,long sleeve,circle neckline,yellow,unknown,casual,tight fit,black,black
03097_00.jpg,Unknown,short sleeve,round neck,white,white,casual,tight fit,blue,brown
03098_00.jpg,Unknown,short sleeve,round neck,white,white,casual,tight fit,white,blonde
03099_00.jpg,Unknown,short sleeve,v-neck,black,white,casual,tight fit,blue,brown
03100_00.jpg,Unknown,Three-quarter sleeve,Round neck,Black,Unknown,Casual,tight fit,green,brown
03101_00.jpg,Unknown,short sleeve,round neck,red,unknown,casual,tight fit,red,black
03102_00.jpg,Unknown,short sleeve,cowl neck,pink,red,casual,tight fit,blue,black
03103_00.jpg,Unknown,long sleeve,high-neck,yellow,yellow,casual,tight fit,yellow,brown
03104_00.jpg,Banana Republic,sleeveless,v-neck,navy blue,black,casual,tight fit,blue,blonde
03106_00.jpg,Unknown,short sleeve,square neck,black,white,casual,tight fit,black,black
03107_00.jpg,Unknown,long sleeve,boat neckline,black,Unknown,casual,tight fit,black,blonde
03108_00.jpg,Emporio Armani,short sleeve,crew neck,white,black,casual,Loose fit,black,blonde
03110_00.jpg,Gap,short sleeve,scoop neck,neon yellow,unknown,casual,Loose fit,yellow,blonde
03111_00.jpg,Romkin,long sleeve,v-neck,blue,unknown,casual,tight fit,blue,black
03113_00.jpg,Kaffe,short sleeve,V-neck,green,light green,casual,loose fit,blue,blonde
03115_00.jpg,Lee,short sleeve,round neck,yellow,yellow,casual,Loose fit,Yellow,Blonde
03116_00.jpg,MM,Short sleeve,Scoop neck,Black,Silver,Casual,tight fit,black,brown
03117_00.jpg,Unknown,short sleeve,cowl neck,pale blue,light blue,casual,tight fit,yellow,blonde
03118_00.jpg,Unknown,Short sleeve,Scoop neck,White,Unknown,Casual,tight fit,green,blonde
03119_00.jpg,Anna Field,short sleeve,boat neck,white,multicolored,casual,tight fit,black,blonde
03120_00.jpg,Unknown,short sleeve,round neck,white,black,casual,Loose fit,yellow,black
03121_00.jpg,Unknown,short sleeve,v-neck,white,white,casual,tight fit,black,black
03122_00.jpg,Tommy Sport,Short sleeve,Crew neck,White,Red,Unknown,tight fit,multi-color,brown
03124_00.jpg,Unknown,short sleeve,deep V-neck,orange,unknown,casual,Loose fit,red,black
03125_00.jpg,Unknown,short sleeve,circle neckline,yellow,yellow,casual,tight fit,yellow,black
03127_00.jpg,Unknown,short sleeve,round neck,gray,gray,casual,Loose fit,black,brown
03128_00.jpg,Unknown,short sleeve,v-neck,orange,yellow,casual,Loose fit,orange,blonde
03129_00.jpg,Unknown,long sleeve,round neck,black,red,casual,tight fit,blue,black
03130_00.jpg,Unknown,long sleeve,turtleneck,navy,navy,casual,tight fit,black,brown
03131_00.jpg,Unknown,short sleeve,cowl neck,black,white,casual,tight fit,black,black
03132_00.jpg,Unknown,long sleeve,off-the-shoulder,orange,red,casual,tight fit,gray,blonde
03133_00.jpg,Unknown,short sleeve,circle neckline,blue,white,casual,Loose fit,blue,black
03134_00.jpg,Unknown,long sleeve,v-neck,white,unknown,casual,tight fit,black,brown
03135_00.jpg,Michael Kors,long sleeve,scoop neck,black,unknown,casual,tight fit,white,blonde
03136_00.jpg,Gap,sleeveless,scoop neck,white,white,casual,tight fit,navy blue,blonde
03137_00.jpg,Unknown,short sleeve,round neck,black,white,casual,Loose fit,blue,black
03138_00.jpg,Unknown,long sleeve,v-neck,black,unknown,casual,tight fit,orange,brown
03139_00.jpg,Unknown,long sleeve,v-neck,black,unknown,casual,tight fit,black,blonde
03140_00.jpg,Zara,short sleeve,round neck,white,yellow,casual,Loose fit,black,brown
03141_00.jpg,Unknown,short sleeve,round neck,navy blue,light blue,casual,tight fit,blue,blonde
03142_00.jpg,Anna Field,short sleeve,round neck,white,white,casual,tight fit,blue,black
03143_00.jpg,Unknown,short sleeve,cowl neck,pink,red,casual,tight fit,red,brown
03144_00.jpg,Levi's,short sleeve,round neck,black,white,casual,tight fit,black,blonde
03146_00.jpg,OVS,Long sleeve,V-neck,Grey,Unknown,casual,tight fit,gray,black
03147_00.jpg,Unknown,short sleeve,round neck,white,white,casual,tight fit,blue,brown
03149_00.jpg,Unknown,long sleeve,boat neck,yellow,white,casual,tight fit,green,blonde
03150_00.jpg,Unknown,long sleeve,boat neckline,white,black,casual,loose fit,black,blonde
03151_00.jpg,Ananas,Unknown,scoop neck,pink,light pink,casual,tight fit,pink,blonde
03152_00.jpg,Unknown,long sleeve,circle neckline,yellow,orange,casual,tight fit,white,blonde
03153_00.jpg,Unknown,short sleeve,circle neckline,navy blue,light blue,casual,tight fit,white,black
03154_00.jpg,Unknown,long sleeve,boat neck,black,gray,casual,tight fit,black,blonde
03155_00.jpg,Maui and Sons,Short sleeve,Scoop neck,Black,Unknown,Casual,Loose fit,black,black
03156_00.jpg,Unknown,short sleeve,v-neck,teal,teal,casual,loose fit,teal,black
03157_00.jpg,Unknown,short sleeve,round neck,black,unknown,casual,tight fit,black,brown
03160_00.jpg,Lauren,short sleeve,round neck,white,multicolored,casual,tight fit,blue,black
03161_00.jpg,Unknown,short sleeve,circle neck,pink,unknown,casual,tight fit,green,brown
03163_00.jpg,RUICA,short sleeve,round neck,gray,green,casual,tight fit,blue,blonde
03164_00.jpg,Unknown,short sleeve,turtleneck,black,black,casual,Loose fit,black,blonde
03165_00.jpg,Marc O`Polo,Long sleeve,Round neck,Pink,Unknown,Casual,Loose fit,black,blonde
03166_00.jpg,Unknown,short sleeve,circle neckline,red,unknown,casual,tight fit,red,black
03167_00.jpg,AnineBilen,Short sleeve,V-neck,Yellow,White,Unknown,tight fit,blue,blonde
03169_00.jpg,Unknown,short sleeve,v-neck,white,black,casual,tight fit,black,blonde
03170_00.jpg,Unknown,short sleeve,round neck,navy blue,unknown,casual,tight fit,beige,brown
03171_00.jpg,DESIGNERS REMIX,short sleeve,round neck,pink,white,casual,Loose fit,Black,Blonde
03172_00.jpg,One More Story,Short Sleeve,Round Neck,Orange,Brown,Casual,loose fit,orange,black
03174_00.jpg,ONLY,Short sleeve,Scoop neck,Green,Brown,Casual,Loose fit,black,blonde
03175_00.jpg,Even Cool,short sleeve,scoop neck,light pink,blush,casual,tight fit,beige,brown
03177_00.jpg,Unknown,Three-quarter sleeve,Round neck,White,Unknown,Casual,tight fit,blue,blonde
03179_00.jpg,Zara Field,sleeveless,v-neck,black,white,casual,tight fit,green,black
03180_00.jpg,RVCA,Short sleeve,Round neck,White,Unknown,casual,tight fit,blue,brown
03182_00.jpg,Nike,short sleeve,v-neck,white,red,casual,tight fit,black,blonde
03183_00.jpg,Sommer,long sleeve,round neck,black,unknown,casual,tight fit,black,blonde
03185_00.jpg,HUGO,Short sleeve,Round neck,Yellow,Light yellow,Casual,Loose fit,yellow,black
03187_00.jpg,Morgan,short sleeve,scoop neck,pink,purple,casual,tight fit,blue,brown
03189_00.jpg,Unknown,Short sleeve,V-neck,Black,Lace,Casual,tight fit,blue,black
03190_00.jpg,American Eagle,short sleeve,polo collar,white,yellow,casual,tight fit,blue,brown
03193_00.jpg,Ivy Revel,long sleeve,round neck,green,black,casual,tight fit,black,brown
03194_00.jpg,Unknown,short sleeve,round neck,white,black,casual,tight fit,black,black
03195_00.jpg,RVCA,Long sleeve,V-neck,White,Unknown,Unknown,tight fit,blue,blonde
03196_00.jpg,Unknown,short sleeve,v-neck,green,unknown,casual,tight fit,green,black
03197_00.jpg,Unknown,long sleeve,round neck,gray,gray,casual,tight fit,blue,black
03198_00.jpg,Unknown,short sleeve,round neck,pink,green,casual,Loose fit,Black,Blonde
03200_00.jpg,Unknown,short sleeve,crew neck,green,white,casual,tight fit,blue,brown
03201_00.jpg,Unknown,long sleeve,circle neckline,red,unknown,casual,tight fit,black,brown
03203_00.jpg,Unknown,short sleeve,scoop neck,black,gray,casual,tight fit,black,blonde
03204_00.jpg,Unknown,long sleeve,turtleneck,black,white,casual,tight fit,black,black
03205_00.jpg,RAWD,short sleeve,round neck,white,black,casual,Loose fit,blue,brown
03206_00.jpg,Unknown,long sleeve,v-neck,pink,red,casual,tight fit,black,brown
03207_00.jpg,Unknown,short sleeve,round neck,light blue,mint green,casual,tight fit,blue,blonde
03208_00.jpg,EvenOdd,short sleeve,off-shoulder,black,white,casual,tight fit,white,brown
03209_00.jpg,Unknown,short sleeve,strapless,white,red,summer,tight fit,blue,black
03210_00.jpg,Unknown,long sleeve,boat neck,olive green,olive green,casual,tight fit,black,brown
03211_00.jpg,Unknown,short sleeve,round neck,black,white,casual,tight fit,blue,black
03212_00.jpg,Unknown,Short sleeve,Round neck,Grey,Grey,Casual,loose fit,blue,red
03213_00.jpg,Unknown,short sleeve,v-neck,black,unknown,casual,tight fit,black,black
03214_00.jpg,Unknown,long sleeve,circle neckline,black,unknown,casual,tight fit,blue,brown
03215_00.jpg,Even&Odd,short sleeve,square neckline,beige,beige,casual,tight fit,white,black
03216_00.jpg,American Eagle,short sleeve,round neck,green,white,casual,tight fit,green,brown
03217_00.jpg,Unknown,long sleeve,high-neck,white,unknown,casual,tight fit,white,black
03218_00.jpg,Unknown,long sleeve,circle neckline,green,unknown,casual,loose fit,green,black
03219_00.jpg,Unknown,long sleeve,boat neck,black,Unknown,casual,tight fit,blue,brown
03220_00.jpg,ONLY,short sleeve,round neck,black,silver,casual,loose fit,black,blonde
03221_00.jpg,Unknown,Short sleeve,V-neck,Pink,Unknown,casual,tight fit,black,blonde
03223_00.jpg,Unknown,short sleeve,v-neck,black,brown,casual,tight fit,blue,brown
03225_00.jpg,Pieces,short sleeve,round neck,black,gold,casual,tight fit,black,brown
03226_00.jpg,Anna Field,short sleeve,round neck,blue,green,casual,tight fit,black,blonde
03228_00.jpg,Unknown,short sleeve,round neck,brown,black,casual,Loose fit,black,blonde
03229_00.jpg,Unknown,Long sleeve,V-neck,Black,Unknown,Casual,tight fit,black,brown
03230_00.jpg,Unknown,short sleeve,scoop neck,white,gray,casual,Loose fit,black,brown
03231_00.jpg,Lacoste,short sleeve,polo collar,navy blue,white,casual,tight fit,beige,blonde
03232_00.jpg,Unknown,long sleeve,v-neck,navy,pink,casual,tight fit,blue,blonde
03233_00.jpg,Marc O'Polo,short sleeve,round neck,white,unknown,casual,tight fit,navy blue,blonde
03234_00.jpg,Hollister,long sleeve,v-neck,gray,gray,casual,tight fit,blue,brown
03235_00.jpg,American Vintage,short sleeve,scoop neck,gray,black,casual,tight fit,white,black
03236_00.jpg,White,Lace,V-neck,White,Lace,Casual,tight fit,blue,blonde
03237_00.jpg,MSCH,short sleeve,round neck,white,unknown,casual,tight fit,black,brown
03238_00.jpg,Unknown,long sleeve,v-neck,red,black,casual,tight fit,black,blonde
03239_00.jpg,Anna Field,short sleeve,scoop neck,white,pink,casual,tight fit,black,blonde
03240_00.jpg,Unknown,short sleeve,round neck,white,white,casual,tight fit,black,brown
03241_00.jpg,danteia,short sleeve,round neck,white,gold,casual,tight fit,blue,blonde
03242_00.jpg,Unknown,short sleeve,polo collar,white,unknown,casual,tight fit,white,brown
03243_00.jpg,Unknown,short sleeve,round neck,pink,pink,casual,Loose fit,red,black
03245_00.jpg,Unknown,long sleeve,boat neckline,gray,gray,casual,tight fit,black,brown
03246_00.jpg,Unknown,short sleeve,round neck,gray,black,casual,tight fit,gray,blonde
03248_00.jpg,Unknown,Long sleeve,V-neck,Black,Unknown,Casual,tight fit,blue,blonde
03249_00.jpg,Unknown,short sleeve,v-neck,black,black,casual,tight fit,red,brown
03251_00.jpg,Unknown,long sleeve,v-neck,black,unknown,casual,tight fit,blue,brown
03252_00.jpg,Unknown,short sleeve,round neck,black,pink,casual,tight fit,blue,brown
03253_00.jpg,Unknown,long sleeve,v-neck,white,unknown,casual,tight fit,black,blonde
03255_00.jpg,Evans,long sleeve,v-neck,black,pink,casual,Loose fit,black,black
03256_00.jpg,Anna Field,short sleeve,v-neck,yellow,yellow,casual,Loose fit,yellow,black
03257_00.jpg,Champion,long sleeve,mock neck,blue,light blue,casual,Loose fit,blue,black
03259_00.jpg,Unknown,long sleeve,cowl neck,pink,red,casual,tight fit,gray,brown
03260_00.jpg,American Eagle,short sleeve,round neck,pink,white,casual,tight fit,black,brown
03261_00.jpg,Unknown,short sleeve,polo collar,unknown,unknown,casual,Loose fit,white,blonde
03262_00.jpg,Unknown,short sleeve,v-neck,black,unknown,casual,tight fit,black,brown
03263_00.jpg,Unknown,long sleeve,circle neckline,pink,red,casual,tight fit,black,black
03265_00.jpg,Unknown,long sleeve,mock neck,gray,black,casual,tight fit,black,brown
03269_00.jpg,Unknown,long sleeve,crew neck,black,gray,casual,tight fit,black,black
03271_00.jpg,Unknown,short sleeve,v-neck,black,Unknown,casual,tight fit,blue,brown
03272_00.jpg,Issepeda,short sleeve,V-neck,leopard print,black,casual,tight fit,black,brown
03273_00.jpg,Kaffe,long sleeve,round neck,orange,unknown,casual,Loose fit,Orange,Blonde
03274_00.jpg,Unknown,long sleeve,collarless,unknown,unknown,casual,Loose fit,black,black
03277_00.jpg,Unknown,short sleeve,cowl neck,white,yellow,casual,Loose fit,white,black
03278_00.jpg,Unknown,short sleeve,round neck,black,silver,casual,tight fit,green,black
03280_00.jpg,Unknown,short sleeve,round neck,white,white,casual,tight fit,blue,black
03281_00.jpg,Unknown,short sleeve,round neck,white,pink,casual,tight fit,pink,brown
03282_00.jpg,Lola Stripe,long sleeve,v-neck,black,unknown,casual,tight fit,black,brown
03285_00.jpg,Unknown,short sleeve,round neck,gray,gray,casual,tight fit,blue,blonde
03286_00.jpg,Black,Long sleeve,V-neck,Black,Unknown,Casual,tight fit,black,blonde
03287_00.jpg,Unknown,long sleeve,v-neck,navy,red,casual,tight fit,blue,blonde
03290_00.jpg,Manu Licious,Short sleeve,V-neck,Orange,Black,Casual,tight fit,blue,black
